home_id,day,ts,p_cons,p_prod,p_tot
CDB005,2022-08-01,2022-08-01 00:00:00,410.0,0.0,410.0
CDB005,2022-08-01,2022-08-01 00:15:00,398.0,0.0,398.0
CDB005,2022-08-01,2022-08-01 00:30:00,425.0,0.0,425.0
CDB005,2022-08-01,2022-08-01 00:45:00,413.0,0.0,413.0
CDB005,2022-08-01,2022-08-01 01:00:00,414.0,0.0,414.0
CDB005,2022-08-01,2022-08-01 01:15:00,401.0,0.0,401.0
CDB005,2022-08-01,2022-08-01 01:30:00,442.0,0.0,442.0
CDB005,2022-08-01,2022-08-01 01:45:00,386.0,0.0,386.0
CDB005,2022-08-01,2022-08-01 02:00:00,422.0,0.0,422.0
CDB005,2022-08-01,2022-08-01 02:15:00,416.0,0.0,416.0
CDB005,2022-08-01,2022-08-01 02:30:00,435.0,0.0,435.0
CDB005,2022-08-01,2022-08-01 02:45:00,399.0,0.0,399.0
CDB005,2022-08-01,2022-08-01 03:00:00,414.0,0.0,414.0
CDB005,2022-08-01,2022-08-01 03:15:00,427.0,0.0,427.0
CDB005,2022-08-01,2022-08-01 03:30:00,414.0,0.0,414.0
CDB005,2022-08-01,2022-08-01 03:45:00,401.0,0.0,401.0
CDB005,2022-08-01,2022-08-01 04:00:00,411.0,0.0,411.0
CDB005,2022-08-01,2022-08-01 04:15:00,431.0,0.0,431.0
CDB005,2022-08-01,2022-08-01 04:30:00,409.0,0.0,409.0
CDB005,2022-08-01,2022-08-01 04:45:00,405.0,0.0,405.0
CDB005,2022-08-01,2022-08-01 05:00:00,570.0,0.0,570.0
CDB005,2022-08-01,2022-08-01 05:15:00,460.0,0.0,460.0
CDB005,2022-08-01,2022-08-01 05:30:00,406.0,0.0,406.0
CDB005,2022-08-01,2022-08-01 05:45:00,406.0,0.0,406.0
CDB005,2022-08-01,2022-08-01 06:00:00,426.0,0.0,426.0
CDB005,2022-08-01,2022-08-01 06:15:00,414.0,0.0,414.0
CDB005,2022-08-01,2022-08-01 06:30:00,395.0,0.0,395.0
CDB005,2022-08-01,2022-08-01 06:45:00,432.0,0.0,432.0
CDB005,2022-08-01,2022-08-01 07:00:00,385.0,0.0,385.0
CDB005,2022-08-01,2022-08-01 07:15:00,1521.0,0.0,1521.0
CDB005,2022-08-01,2022-08-01 07:30:00,496.0,0.0,496.0
CDB005,2022-08-01,2022-08-01 07:45:00,585.0,0.0,585.0
CDB005,2022-08-01,2022-08-01 08:00:00,453.0,0.0,453.0
CDB005,2022-08-01,2022-08-01 08:15:00,465.0,0.0,465.0
CDB005,2022-08-01,2022-08-01 08:30:00,454.0,0.0,454.0
CDB005,2022-08-01,2022-08-01 08:45:00,589.0,0.0,589.0
CDB005,2022-08-01,2022-08-01 09:00:00,1492.0,0.0,1492.0
CDB005,2022-08-01,2022-08-01 09:15:00,482.0,0.0,482.0
CDB005,2022-08-01,2022-08-01 09:30:00,859.0,0.0,859.0
CDB005,2022-08-01,2022-08-01 09:45:00,939.0,0.0,939.0
CDB005,2022-08-01,2022-08-01 10:00:00,475.0,0.0,475.0
CDB005,2022-08-01,2022-08-01 10:15:00,502.0,0.0,502.0
CDB005,2022-08-01,2022-08-01 10:30:00,504.0,0.0,504.0
CDB005,2022-08-01,2022-08-01 10:45:00,499.0,0.0,499.0
CDB005,2022-08-01,2022-08-01 11:00:00,640.0,0.0,640.0
CDB005,2022-08-01,2022-08-01 11:15:00,608.0,0.0,608.0
CDB005,2022-08-01,2022-08-01 11:30:00,110.0,0.0,110.0
CDB005,2022-08-01,2022-08-01 11:45:00,510.0,0.0,510.0
CDB005,2022-08-01,2022-08-01 12:00:00,534.0,0.0,534.0
CDB005,2022-08-01,2022-08-01 12:15:00,528.0,0.0,528.0
CDB005,2022-08-01,2022-08-01 12:30:00,525.0,0.0,525.0
CDB005,2022-08-01,2022-08-01 12:45:00,507.0,0.0,507.0
CDB005,2022-08-01,2022-08-01 13:00:00,554.0,0.0,554.0
CDB005,2022-08-01,2022-08-01 13:15:00,540.0,0.0,540.0
CDB005,2022-08-01,2022-08-01 13:30:00,524.0,0.0,524.0
CDB005,2022-08-01,2022-08-01 13:45:00,535.0,0.0,535.0
CDB005,2022-08-01,2022-08-01 14:00:00,560.0,0.0,560.0
CDB005,2022-08-01,2022-08-01 14:15:00,-376.0,0.0,-376.0
CDB005,2022-08-01,2022-08-01 14:30:00,-353.0,0.0,-353.0
CDB005,2022-08-01,2022-08-01 14:45:00,-350.0,0.0,-350.0
CDB005,2022-08-01,2022-08-01 15:00:00,-329.0,0.0,-329.0
CDB005,2022-08-01,2022-08-01 15:15:00,-374.0,0.0,-374.0
CDB005,2022-08-01,2022-08-01 15:30:00,-315.0,0.0,-315.0
CDB005,2022-08-01,2022-08-01 15:45:00,-264.0,0.0,-264.0
CDB005,2022-08-01,2022-08-01 16:00:00,-261.0,0.0,-261.0
CDB005,2022-08-01,2022-08-01 16:15:00,-85.0,0.0,-85.0
CDB005,2022-08-01,2022-08-01 16:30:00,-244.0,0.0,-244.0
CDB005,2022-08-01,2022-08-01 16:45:00,-200.0,0.0,-200.0
CDB005,2022-08-01,2022-08-01 17:00:00,-19.0,0.0,-19.0
CDB005,2022-08-01,2022-08-01 17:15:00,-119.0,0.0,-119.0
CDB005,2022-08-01,2022-08-01 17:30:00,-247.0,0.0,-247.0
CDB005,2022-08-01,2022-08-01 17:45:00,-176.0,0.0,-176.0
CDB005,2022-08-01,2022-08-01 18:00:00,-203.0,0.0,-203.0
CDB005,2022-08-01,2022-08-01 18:15:00,-173.0,0.0,-173.0
CDB005,2022-08-01,2022-08-01 18:30:00,-262.0,0.0,-262.0
CDB005,2022-08-01,2022-08-01 18:45:00,451.0,0.0,451.0
CDB005,2022-08-01,2022-08-01 19:00:00,1008.0,0.0,1008.0
CDB005,2022-08-01,2022-08-01 19:15:00,524.0,0.0,524.0
CDB005,2022-08-01,2022-08-01 19:30:00,489.0,0.0,489.0
CDB005,2022-08-01,2022-08-01 19:45:00,375.0,0.0,375.0
CDB005,2022-08-01,2022-08-01 20:00:00,452.0,0.0,452.0
CDB005,2022-08-01,2022-08-01 20:15:00,560.0,0.0,560.0
CDB005,2022-08-01,2022-08-01 20:30:00,403.0,0.0,403.0
CDB005,2022-08-01,2022-08-01 20:45:00,402.0,0.0,402.0
CDB005,2022-08-01,2022-08-01 21:00:00,425.0,0.0,425.0
CDB005,2022-08-01,2022-08-01 21:15:00,433.0,0.0,433.0
CDB005,2022-08-01,2022-08-01 21:30:00,499.0,0.0,499.0
CDB005,2022-08-01,2022-08-01 21:45:00,543.0,0.0,543.0
CDB005,2022-08-01,2022-08-01 22:00:00,562.0,0.0,562.0
CDB005,2022-08-01,2022-08-01 22:15:00,599.0,0.0,599.0
CDB005,2022-08-01,2022-08-01 22:30:00,449.0,0.0,449.0
CDB005,2022-08-01,2022-08-01 22:45:00,490.0,0.0,490.0
CDB005,2022-08-01,2022-08-01 23:00:00,1166.0,0.0,1166.0
CDB005,2022-08-01,2022-08-01 23:15:00,433.0,0.0,433.0
CDB005,2022-08-01,2022-08-01 23:30:00,460.0,0.0,460.0
CDB005,2022-08-01,2022-08-01 23:45:00,453.0,0.0,453.0
CDB005,2022-08-02,2022-08-02 00:00:00,421.0,0.0,421.0
CDB005,2022-08-02,2022-08-02 00:15:00,452.0,0.0,452.0
CDB005,2022-08-02,2022-08-02 00:30:00,460.0,0.0,460.0
CDB005,2022-08-02,2022-08-02 00:45:00,442.0,0.0,442.0
CDB005,2022-08-02,2022-08-02 01:00:00,435.0,0.0,435.0
CDB005,2022-08-02,2022-08-02 01:15:00,468.0,0.0,468.0
CDB005,2022-08-02,2022-08-02 01:30:00,444.0,0.0,444.0
CDB005,2022-08-02,2022-08-02 01:45:00,423.0,0.0,423.0
CDB005,2022-08-02,2022-08-02 02:00:00,427.0,0.0,427.0
CDB005,2022-08-02,2022-08-02 02:15:00,438.0,0.0,438.0
CDB005,2022-08-02,2022-08-02 02:30:00,422.0,0.0,422.0
CDB005,2022-08-02,2022-08-02 02:45:00,411.0,0.0,411.0
CDB005,2022-08-02,2022-08-02 03:00:00,432.0,0.0,432.0
CDB005,2022-08-02,2022-08-02 03:15:00,430.0,0.0,430.0
CDB005,2022-08-02,2022-08-02 03:30:00,423.0,0.0,423.0
CDB005,2022-08-02,2022-08-02 03:45:00,412.0,0.0,412.0
CDB005,2022-08-02,2022-08-02 04:00:00,448.0,0.0,448.0
CDB005,2022-08-02,2022-08-02 04:15:00,410.0,0.0,410.0
CDB005,2022-08-02,2022-08-02 04:30:00,422.0,0.0,422.0
CDB005,2022-08-02,2022-08-02 04:45:00,413.0,0.0,413.0
CDB005,2022-08-02,2022-08-02 05:00:00,449.0,0.0,449.0
CDB005,2022-08-02,2022-08-02 05:15:00,410.0,0.0,410.0
CDB005,2022-08-02,2022-08-02 05:30:00,417.0,0.0,417.0
CDB005,2022-08-02,2022-08-02 05:45:00,418.0,0.0,418.0
CDB005,2022-08-02,2022-08-02 06:00:00,440.0,0.0,440.0
CDB005,2022-08-02,2022-08-02 06:15:00,411.0,0.0,411.0
CDB005,2022-08-02,2022-08-02 06:30:00,468.0,0.0,468.0
CDB005,2022-08-02,2022-08-02 06:45:00,1469.0,0.0,1469.0
CDB005,2022-08-02,2022-08-02 07:00:00,697.0,0.0,697.0
CDB005,2022-08-02,2022-08-02 07:15:00,468.0,0.0,468.0
CDB005,2022-08-02,2022-08-02 07:30:00,425.0,0.0,425.0
CDB005,2022-08-02,2022-08-02 07:45:00,681.0,0.0,681.0
CDB005,2022-08-02,2022-08-02 08:00:00,538.0,0.0,538.0
CDB005,2022-08-02,2022-08-02 08:15:00,524.0,0.0,524.0
CDB005,2022-08-02,2022-08-02 08:30:00,431.0,0.0,431.0
CDB005,2022-08-02,2022-08-02 08:45:00,495.0,0.0,495.0
CDB005,2022-08-02,2022-08-02 09:00:00,468.0,0.0,468.0
CDB005,2022-08-02,2022-08-02 09:15:00,489.0,0.0,489.0
CDB005,2022-08-02,2022-08-02 09:30:00,1624.0,0.0,1624.0
CDB005,2022-08-02,2022-08-02 09:45:00,980.0,0.0,980.0
CDB005,2022-08-02,2022-08-02 10:00:00,372.0,0.0,372.0
CDB005,2022-08-02,2022-08-02 10:15:00,-204.0,0.0,-204.0
CDB005,2022-08-02,2022-08-02 10:30:00,486.0,0.0,486.0
CDB005,2022-08-02,2022-08-02 10:45:00,-583.0,0.0,-583.0
CDB005,2022-08-02,2022-08-02 11:00:00,66.0,0.0,66.0
CDB005,2022-08-02,2022-08-02 11:15:00,-1112.0,0.0,-1112.0
CDB005,2022-08-02,2022-08-02 11:30:00,-1115.0,0.0,-1115.0
CDB005,2022-08-02,2022-08-02 11:45:00,-1080.0,0.0,-1080.0
CDB005,2022-08-02,2022-08-02 12:00:00,-1113.0,0.0,-1113.0
CDB005,2022-08-02,2022-08-02 12:15:00,-583.0,0.0,-583.0
CDB005,2022-08-02,2022-08-02 12:30:00,-1012.0,0.0,-1012.0
CDB005,2022-08-02,2022-08-02 12:45:00,-972.0,0.0,-972.0
CDB005,2022-08-02,2022-08-02 13:00:00,-941.0,0.0,-941.0
CDB005,2022-08-02,2022-08-02 13:15:00,-1075.0,0.0,-1075.0
CDB005,2022-08-02,2022-08-02 13:30:00,-498.0,0.0,-498.0
CDB005,2022-08-02,2022-08-02 13:45:00,-1183.0,0.0,-1183.0
CDB005,2022-08-02,2022-08-02 14:00:00,-1167.0,0.0,-1167.0
CDB005,2022-08-02,2022-08-02 14:15:00,-1204.0,0.0,-1204.0
CDB005,2022-08-02,2022-08-02 14:30:00,-1147.0,0.0,-1147.0
CDB005,2022-08-02,2022-08-02 14:45:00,-1202.0,0.0,-1202.0
CDB005,2022-08-02,2022-08-02 15:00:00,-1192.0,0.0,-1192.0
CDB005,2022-08-02,2022-08-02 15:15:00,-729.0,0.0,-729.0
CDB005,2022-08-02,2022-08-02 15:30:00,-380.0,0.0,-380.0
CDB005,2022-08-02,2022-08-02 15:45:00,-1214.0,0.0,-1214.0
CDB005,2022-08-02,2022-08-02 16:00:00,-1171.0,0.0,-1171.0
CDB005,2022-08-02,2022-08-02 16:15:00,-995.0,0.0,-995.0
CDB005,2022-08-02,2022-08-02 16:30:00,-1098.0,0.0,-1098.0
CDB005,2022-08-02,2022-08-02 16:45:00,-1111.0,0.0,-1111.0
CDB005,2022-08-02,2022-08-02 17:00:00,-1146.0,0.0,-1146.0
CDB005,2022-08-02,2022-08-02 17:15:00,-1180.0,0.0,-1180.0
CDB005,2022-08-02,2022-08-02 17:30:00,-1073.0,0.0,-1073.0
CDB005,2022-08-02,2022-08-02 17:45:00,-444.0,0.0,-444.0
CDB005,2022-08-02,2022-08-02 18:00:00,-417.0,0.0,-417.0
CDB005,2022-08-02,2022-08-02 18:15:00,-444.0,0.0,-444.0
CDB005,2022-08-02,2022-08-02 18:30:00,-444.0,0.0,-444.0
CDB005,2022-08-02,2022-08-02 18:45:00,-405.0,0.0,-405.0
CDB005,2022-08-02,2022-08-02 19:00:00,-348.0,0.0,-348.0
CDB005,2022-08-02,2022-08-02 19:15:00,-366.0,0.0,-366.0
CDB005,2022-08-02,2022-08-02 19:30:00,486.0,0.0,486.0
CDB005,2022-08-02,2022-08-02 19:45:00,533.0,0.0,533.0
CDB005,2022-08-02,2022-08-02 20:00:00,515.0,0.0,515.0
CDB005,2022-08-02,2022-08-02 20:15:00,444.0,0.0,444.0
CDB005,2022-08-02,2022-08-02 20:30:00,460.0,0.0,460.0
CDB005,2022-08-02,2022-08-02 20:45:00,996.0,0.0,996.0
CDB005,2022-08-02,2022-08-02 21:00:00,575.0,0.0,575.0
CDB005,2022-08-02,2022-08-02 21:15:00,171.0,0.0,171.0
CDB005,2022-08-02,2022-08-02 21:30:00,-332.0,0.0,-332.0
CDB005,2022-08-02,2022-08-02 21:45:00,-914.0,0.0,-914.0
CDB005,2022-08-02,2022-08-02 22:00:00,-581.0,0.0,-581.0
CDB005,2022-08-02,2022-08-02 22:15:00,-1211.0,0.0,-1211.0
CDB005,2022-08-02,2022-08-02 22:30:00,-1234.0,0.0,-1234.0
CDB005,2022-08-02,2022-08-02 22:45:00,110.0,0.0,110.0
CDB005,2022-08-02,2022-08-02 23:00:00,450.0,0.0,450.0
CDB005,2022-08-02,2022-08-02 23:15:00,390.0,0.0,390.0
CDB005,2022-08-02,2022-08-02 23:30:00,405.0,0.0,405.0
CDB005,2022-08-02,2022-08-02 23:45:00,439.0,0.0,439.0
CDB005,2022-08-03,2022-08-03 00:00:00,406.0,0.0,406.0
CDB005,2022-08-03,2022-08-03 00:15:00,417.0,0.0,417.0
CDB005,2022-08-03,2022-08-03 00:30:00,403.0,0.0,403.0
CDB005,2022-08-03,2022-08-03 00:45:00,438.0,0.0,438.0
CDB005,2022-08-03,2022-08-03 01:00:00,396.0,0.0,396.0
CDB005,2022-08-03,2022-08-03 01:15:00,422.0,0.0,422.0
CDB005,2022-08-03,2022-08-03 01:30:00,434.0,0.0,434.0
CDB005,2022-08-03,2022-08-03 01:45:00,427.0,0.0,427.0
CDB005,2022-08-03,2022-08-03 02:00:00,407.0,0.0,407.0
CDB005,2022-08-03,2022-08-03 02:15:00,430.0,0.0,430.0
CDB005,2022-08-03,2022-08-03 02:30:00,427.0,0.0,427.0
CDB005,2022-08-03,2022-08-03 02:45:00,418.0,0.0,418.0
CDB005,2022-08-03,2022-08-03 03:00:00,413.0,0.0,413.0
CDB005,2022-08-03,2022-08-03 03:15:00,445.0,0.0,445.0
CDB005,2022-08-03,2022-08-03 03:30:00,415.0,0.0,415.0
CDB005,2022-08-03,2022-08-03 03:45:00,419.0,0.0,419.0
CDB005,2022-08-03,2022-08-03 04:00:00,442.0,0.0,442.0
CDB005,2022-08-03,2022-08-03 04:15:00,418.0,0.0,418.0
CDB005,2022-08-03,2022-08-03 04:30:00,420.0,0.0,420.0
CDB005,2022-08-03,2022-08-03 04:45:00,409.0,0.0,409.0
CDB005,2022-08-03,2022-08-03 05:00:00,586.0,0.0,586.0
CDB005,2022-08-03,2022-08-03 05:15:00,408.0,0.0,408.0
CDB005,2022-08-03,2022-08-03 05:30:00,419.0,0.0,419.0
CDB005,2022-08-03,2022-08-03 05:45:00,433.0,0.0,433.0
CDB005,2022-08-03,2022-08-03 06:00:00,428.0,0.0,428.0
CDB005,2022-08-03,2022-08-03 06:15:00,421.0,0.0,421.0
CDB005,2022-08-03,2022-08-03 06:30:00,304.0,0.0,304.0
CDB005,2022-08-03,2022-08-03 06:45:00,446.0,0.0,446.0
CDB005,2022-08-03,2022-08-03 07:00:00,405.0,0.0,405.0
CDB005,2022-08-03,2022-08-03 07:15:00,409.0,0.0,409.0
CDB005,2022-08-03,2022-08-03 07:30:00,1354.0,0.0,1354.0
CDB005,2022-08-03,2022-08-03 07:45:00,634.0,0.0,634.0
CDB005,2022-08-03,2022-08-03 08:00:00,540.0,0.0,540.0
CDB005,2022-08-03,2022-08-03 08:15:00,609.0,0.0,609.0
CDB005,2022-08-03,2022-08-03 08:30:00,587.0,0.0,587.0
CDB005,2022-08-03,2022-08-03 08:45:00,526.0,0.0,526.0
CDB005,2022-08-03,2022-08-03 09:00:00,464.0,0.0,464.0
CDB005,2022-08-03,2022-08-03 09:15:00,1360.0,0.0,1360.0
CDB005,2022-08-03,2022-08-03 09:30:00,462.0,0.0,462.0
CDB005,2022-08-03,2022-08-03 09:45:00,498.0,0.0,498.0
CDB005,2022-08-03,2022-08-03 10:00:00,562.0,0.0,562.0
CDB005,2022-08-03,2022-08-03 10:15:00,1674.0,0.0,1674.0
CDB005,2022-08-03,2022-08-03 10:30:00,716.0,0.0,716.0
CDB005,2022-08-03,2022-08-03 10:45:00,390.0,0.0,390.0
CDB005,2022-08-03,2022-08-03 11:00:00,-1198.0,0.0,-1198.0
CDB005,2022-08-03,2022-08-03 11:15:00,-1108.0,0.0,-1108.0
CDB005,2022-08-03,2022-08-03 11:30:00,-742.0,0.0,-742.0
CDB005,2022-08-03,2022-08-03 11:45:00,325.0,0.0,325.0
CDB005,2022-08-03,2022-08-03 12:00:00,-591.0,0.0,-591.0
CDB005,2022-08-03,2022-08-03 12:15:00,899.0,0.0,899.0
CDB005,2022-08-03,2022-08-03 12:30:00,180.0,0.0,180.0
CDB005,2022-08-03,2022-08-03 12:45:00,597.0,0.0,597.0
CDB005,2022-08-03,2022-08-03 13:00:00,727.0,0.0,727.0
CDB005,2022-08-03,2022-08-03 13:15:00,-333.0,0.0,-333.0
CDB005,2022-08-03,2022-08-03 13:30:00,-1072.0,0.0,-1072.0
CDB005,2022-08-03,2022-08-03 13:45:00,-1108.0,0.0,-1108.0
CDB005,2022-08-03,2022-08-03 14:00:00,-1049.0,0.0,-1049.0
CDB005,2022-08-03,2022-08-03 14:15:00,-513.0,0.0,-513.0
CDB005,2022-08-03,2022-08-03 14:30:00,-989.0,0.0,-989.0
CDB005,2022-08-03,2022-08-03 14:45:00,-1063.0,0.0,-1063.0
CDB005,2022-08-03,2022-08-03 15:00:00,-946.0,0.0,-946.0
CDB005,2022-08-03,2022-08-03 15:15:00,-184.0,0.0,-184.0
CDB005,2022-08-03,2022-08-03 15:30:00,1385.0,0.0,1385.0
CDB005,2022-08-03,2022-08-03 15:45:00,886.0,0.0,886.0
CDB005,2022-08-03,2022-08-03 16:00:00,859.0,0.0,859.0
CDB005,2022-08-03,2022-08-03 16:15:00,637.0,0.0,637.0
CDB005,2022-08-03,2022-08-03 16:30:00,579.0,0.0,579.0
CDB005,2022-08-03,2022-08-03 16:45:00,550.0,0.0,550.0
CDB005,2022-08-03,2022-08-03 17:00:00,249.0,0.0,249.0
CDB005,2022-08-03,2022-08-03 17:15:00,-303.0,0.0,-303.0
CDB005,2022-08-03,2022-08-03 17:30:00,221.0,0.0,221.0
CDB005,2022-08-03,2022-08-03 17:45:00,526.0,0.0,526.0
CDB005,2022-08-03,2022-08-03 18:00:00,434.0,0.0,434.0
CDB005,2022-08-03,2022-08-03 18:15:00,371.0,0.0,371.0
CDB005,2022-08-03,2022-08-03 18:30:00,394.0,0.0,394.0
CDB005,2022-08-03,2022-08-03 18:45:00,222.0,0.0,222.0
CDB005,2022-08-03,2022-08-03 19:00:00,401.0,0.0,401.0
CDB005,2022-08-03,2022-08-03 19:15:00,422.0,0.0,422.0
CDB005,2022-08-03,2022-08-03 19:30:00,438.0,0.0,438.0
CDB005,2022-08-03,2022-08-03 19:45:00,1343.0,0.0,1343.0
CDB005,2022-08-03,2022-08-03 20:00:00,442.0,0.0,442.0
CDB005,2022-08-03,2022-08-03 20:15:00,448.0,0.0,448.0
CDB005,2022-08-03,2022-08-03 20:30:00,414.0,0.0,414.0
CDB005,2022-08-03,2022-08-03 20:45:00,402.0,0.0,402.0
CDB005,2022-08-03,2022-08-03 21:00:00,-318.0,0.0,-318.0
CDB005,2022-08-03,2022-08-03 21:15:00,442.0,0.0,442.0
CDB005,2022-08-03,2022-08-03 21:30:00,477.0,0.0,477.0
CDB005,2022-08-03,2022-08-03 21:45:00,474.0,0.0,474.0
CDB005,2022-08-03,2022-08-03 22:00:00,556.0,0.0,556.0
CDB005,2022-08-03,2022-08-03 22:15:00,439.0,0.0,439.0
CDB005,2022-08-03,2022-08-03 22:30:00,431.0,0.0,431.0
CDB005,2022-08-03,2022-08-03 22:45:00,413.0,0.0,413.0
CDB005,2022-08-03,2022-08-03 23:00:00,419.0,0.0,419.0
CDB005,2022-08-03,2022-08-03 23:15:00,404.0,0.0,404.0
CDB005,2022-08-03,2022-08-03 23:30:00,448.0,0.0,448.0
CDB005,2022-08-03,2022-08-03 23:45:00,411.0,0.0,411.0
CDB005,2022-08-04,2022-08-04 00:00:00,419.0,0.0,419.0
CDB005,2022-08-04,2022-08-04 00:15:00,432.0,0.0,432.0
CDB005,2022-08-04,2022-08-04 00:30:00,420.0,0.0,420.0
CDB005,2022-08-04,2022-08-04 00:45:00,408.0,0.0,408.0
CDB005,2022-08-04,2022-08-04 01:00:00,447.0,0.0,447.0
CDB005,2022-08-04,2022-08-04 01:15:00,410.0,0.0,410.0
CDB005,2022-08-04,2022-08-04 01:30:00,414.0,0.0,414.0
CDB005,2022-08-04,2022-08-04 01:45:00,423.0,0.0,423.0
CDB005,2022-08-04,2022-08-04 02:00:00,441.0,0.0,441.0
CDB005,2022-08-04,2022-08-04 02:15:00,418.0,0.0,418.0
CDB005,2022-08-04,2022-08-04 02:30:00,411.0,0.0,411.0
CDB005,2022-08-04,2022-08-04 02:45:00,451.0,0.0,451.0
CDB005,2022-08-04,2022-08-04 03:00:00,409.0,0.0,409.0
CDB005,2022-08-04,2022-08-04 03:15:00,423.0,0.0,423.0
CDB005,2022-08-04,2022-08-04 03:30:00,438.0,0.0,438.0
CDB005,2022-08-04,2022-08-04 03:45:00,412.0,0.0,412.0
CDB005,2022-08-04,2022-08-04 04:00:00,395.0,0.0,395.0
CDB005,2022-08-04,2022-08-04 04:15:00,408.0,0.0,408.0
CDB005,2022-08-04,2022-08-04 04:30:00,417.0,0.0,417.0
CDB005,2022-08-04,2022-08-04 04:45:00,399.0,0.0,399.0
CDB005,2022-08-04,2022-08-04 05:00:00,397.0,0.0,397.0
CDB005,2022-08-04,2022-08-04 05:15:00,419.0,0.0,419.0
CDB005,2022-08-04,2022-08-04 05:30:00,409.0,0.0,409.0
CDB005,2022-08-04,2022-08-04 05:45:00,536.0,0.0,536.0
CDB005,2022-08-04,2022-08-04 06:00:00,489.0,0.0,489.0
CDB005,2022-08-04,2022-08-04 06:15:00,390.0,0.0,390.0
CDB005,2022-08-04,2022-08-04 06:30:00,397.0,0.0,397.0
CDB005,2022-08-04,2022-08-04 06:45:00,391.0,0.0,391.0
CDB005,2022-08-04,2022-08-04 07:00:00,424.0,0.0,424.0
CDB005,2022-08-04,2022-08-04 07:15:00,393.0,0.0,393.0
CDB005,2022-08-04,2022-08-04 07:30:00,850.0,0.0,850.0
CDB005,2022-08-04,2022-08-04 07:45:00,683.0,0.0,683.0
CDB005,2022-08-04,2022-08-04 08:00:00,446.0,0.0,446.0
CDB005,2022-08-04,2022-08-04 08:15:00,419.0,0.0,419.0
CDB005,2022-08-04,2022-08-04 08:30:00,424.0,0.0,424.0
CDB005,2022-08-04,2022-08-04 08:45:00,580.0,0.0,580.0
CDB005,2022-08-04,2022-08-04 09:00:00,1907.0,0.0,1907.0
CDB005,2022-08-04,2022-08-04 09:15:00,443.0,0.0,443.0
CDB005,2022-08-04,2022-08-04 09:30:00,296.0,0.0,296.0
CDB005,2022-08-04,2022-08-04 09:45:00,302.0,0.0,302.0
CDB005,2022-08-04,2022-08-04 10:00:00,408.0,0.0,408.0
CDB005,2022-08-04,2022-08-04 10:15:00,501.0,0.0,501.0
CDB005,2022-08-04,2022-08-04 10:30:00,510.0,0.0,510.0
CDB005,2022-08-04,2022-08-04 10:45:00,561.0,0.0,561.0
CDB005,2022-08-04,2022-08-04 11:00:00,1105.0,0.0,1105.0
CDB005,2022-08-04,2022-08-04 11:15:00,658.0,0.0,658.0
CDB005,2022-08-04,2022-08-04 11:30:00,451.0,0.0,451.0
CDB005,2022-08-04,2022-08-04 11:45:00,505.0,0.0,505.0
CDB005,2022-08-04,2022-08-04 12:00:00,468.0,0.0,468.0
CDB005,2022-08-04,2022-08-04 12:15:00,515.0,0.0,515.0
CDB005,2022-08-04,2022-08-04 12:30:00,478.0,0.0,478.0
CDB005,2022-08-04,2022-08-04 12:45:00,530.0,0.0,530.0
CDB005,2022-08-04,2022-08-04 13:00:00,514.0,0.0,514.0
CDB005,2022-08-04,2022-08-04 13:15:00,502.0,0.0,502.0
CDB005,2022-08-04,2022-08-04 13:30:00,488.0,0.0,488.0
CDB005,2022-08-04,2022-08-04 13:45:00,519.0,0.0,519.0
CDB005,2022-08-04,2022-08-04 14:00:00,513.0,0.0,513.0
CDB005,2022-08-04,2022-08-04 14:15:00,506.0,0.0,506.0
CDB005,2022-08-04,2022-08-04 14:30:00,552.0,0.0,552.0
CDB005,2022-08-04,2022-08-04 14:45:00,483.0,0.0,483.0
CDB005,2022-08-04,2022-08-04 15:00:00,557.0,0.0,557.0
CDB005,2022-08-04,2022-08-04 15:15:00,520.0,0.0,520.0
CDB005,2022-08-04,2022-08-04 15:30:00,478.0,0.0,478.0
CDB005,2022-08-04,2022-08-04 15:45:00,590.0,0.0,590.0
CDB005,2022-08-04,2022-08-04 16:00:00,477.0,0.0,477.0
CDB005,2022-08-04,2022-08-04 16:15:00,502.0,0.0,502.0
CDB005,2022-08-04,2022-08-04 16:30:00,508.0,0.0,508.0
CDB005,2022-08-04,2022-08-04 16:45:00,504.0,0.0,504.0
CDB005,2022-08-04,2022-08-04 17:00:00,558.0,0.0,558.0
CDB005,2022-08-04,2022-08-04 17:15:00,474.0,0.0,474.0
CDB005,2022-08-04,2022-08-04 17:30:00,453.0,0.0,453.0
CDB005,2022-08-04,2022-08-04 17:45:00,400.0,0.0,400.0
CDB005,2022-08-04,2022-08-04 18:00:00,392.0,0.0,392.0
CDB005,2022-08-04,2022-08-04 18:15:00,375.0,0.0,375.0
CDB005,2022-08-04,2022-08-04 18:30:00,367.0,0.0,367.0
CDB005,2022-08-04,2022-08-04 18:45:00,410.0,0.0,410.0
CDB005,2022-08-04,2022-08-04 19:00:00,1089.0,0.0,1089.0
CDB005,2022-08-04,2022-08-04 19:15:00,1384.0,0.0,1384.0
CDB005,2022-08-04,2022-08-04 19:30:00,388.0,0.0,388.0
CDB005,2022-08-04,2022-08-04 19:45:00,391.0,0.0,391.0
CDB005,2022-08-04,2022-08-04 20:00:00,353.0,0.0,353.0
CDB005,2022-08-04,2022-08-04 20:15:00,419.0,0.0,419.0
CDB005,2022-08-04,2022-08-04 20:30:00,394.0,0.0,394.0
CDB005,2022-08-04,2022-08-04 20:45:00,501.0,0.0,501.0
CDB005,2022-08-04,2022-08-04 21:00:00,747.0,0.0,747.0
CDB005,2022-08-04,2022-08-04 21:15:00,-260.0,0.0,-260.0
CDB005,2022-08-04,2022-08-04 21:30:00,1560.0,0.0,1560.0
CDB005,2022-08-04,2022-08-04 21:45:00,536.0,0.0,536.0
CDB005,2022-08-04,2022-08-04 22:00:00,493.0,0.0,493.0
CDB005,2022-08-04,2022-08-04 22:15:00,451.0,0.0,451.0
CDB005,2022-08-04,2022-08-04 22:30:00,428.0,0.0,428.0
CDB005,2022-08-04,2022-08-04 22:45:00,431.0,0.0,431.0
CDB005,2022-08-04,2022-08-04 23:00:00,443.0,0.0,443.0
CDB005,2022-08-04,2022-08-04 23:15:00,425.0,0.0,425.0
CDB005,2022-08-04,2022-08-04 23:30:00,459.0,0.0,459.0
CDB005,2022-08-04,2022-08-04 23:45:00,417.0,0.0,417.0
CDB005,2022-08-05,2022-08-05 00:00:00,423.0,0.0,423.0
CDB005,2022-08-05,2022-08-05 00:15:00,411.0,0.0,411.0
CDB005,2022-08-05,2022-08-05 00:30:00,442.0,0.0,442.0
CDB005,2022-08-05,2022-08-05 00:45:00,428.0,0.0,428.0
CDB005,2022-08-05,2022-08-05 01:00:00,414.0,0.0,414.0
CDB005,2022-08-05,2022-08-05 01:15:00,457.0,0.0,457.0
CDB005,2022-08-05,2022-08-05 01:30:00,414.0,0.0,414.0
CDB005,2022-08-05,2022-08-05 01:45:00,430.0,0.0,430.0
CDB005,2022-08-05,2022-08-05 02:00:00,443.0,0.0,443.0
CDB005,2022-08-05,2022-08-05 02:15:00,410.0,0.0,410.0
CDB005,2022-08-05,2022-08-05 02:30:00,421.0,0.0,421.0
CDB005,2022-08-05,2022-08-05 02:45:00,440.0,0.0,440.0
CDB005,2022-08-05,2022-08-05 03:00:00,465.0,0.0,465.0
CDB005,2022-08-05,2022-08-05 03:15:00,433.0,0.0,433.0
CDB005,2022-08-05,2022-08-05 03:30:00,431.0,0.0,431.0
CDB005,2022-08-05,2022-08-05 03:45:00,464.0,0.0,464.0
CDB005,2022-08-05,2022-08-05 04:00:00,461.0,0.0,461.0
CDB005,2022-08-05,2022-08-05 04:15:00,434.0,0.0,434.0
CDB005,2022-08-05,2022-08-05 04:30:00,453.0,0.0,453.0
CDB005,2022-08-05,2022-08-05 04:45:00,420.0,0.0,420.0
CDB005,2022-08-05,2022-08-05 05:00:00,575.0,0.0,575.0
CDB005,2022-08-05,2022-08-05 05:15:00,504.0,0.0,504.0
CDB005,2022-08-05,2022-08-05 05:30:00,462.0,0.0,462.0
CDB005,2022-08-05,2022-08-05 05:45:00,403.0,0.0,403.0
CDB005,2022-08-05,2022-08-05 06:00:00,417.0,0.0,417.0
CDB005,2022-08-05,2022-08-05 06:15:00,430.0,0.0,430.0
CDB005,2022-08-05,2022-08-05 06:30:00,415.0,0.0,415.0
CDB005,2022-08-05,2022-08-05 06:45:00,401.0,0.0,401.0
CDB005,2022-08-05,2022-08-05 07:00:00,422.0,0.0,422.0
CDB005,2022-08-05,2022-08-05 07:15:00,417.0,0.0,417.0
CDB005,2022-08-05,2022-08-05 07:30:00,1281.0,0.0,1281.0
CDB005,2022-08-05,2022-08-05 07:45:00,866.0,0.0,866.0
CDB005,2022-08-05,2022-08-05 08:00:00,563.0,0.0,563.0
CDB005,2022-08-05,2022-08-05 08:15:00,551.0,0.0,551.0
CDB005,2022-08-05,2022-08-05 08:30:00,493.0,0.0,493.0
CDB005,2022-08-05,2022-08-05 08:45:00,451.0,0.0,451.0
CDB005,2022-08-05,2022-08-05 09:00:00,478.0,0.0,478.0
CDB005,2022-08-05,2022-08-05 09:15:00,755.0,0.0,755.0
CDB005,2022-08-05,2022-08-05 09:30:00,1970.0,0.0,1970.0
CDB005,2022-08-05,2022-08-05 09:45:00,864.0,0.0,864.0
CDB005,2022-08-05,2022-08-05 10:00:00,732.0,0.0,732.0
CDB005,2022-08-05,2022-08-05 10:15:00,730.0,0.0,730.0
CDB005,2022-08-05,2022-08-05 10:30:00,632.0,0.0,632.0
CDB005,2022-08-05,2022-08-05 10:45:00,505.0,0.0,505.0
CDB005,2022-08-05,2022-08-05 11:00:00,495.0,0.0,495.0
CDB005,2022-08-05,2022-08-05 11:15:00,516.0,0.0,516.0
CDB005,2022-08-05,2022-08-05 11:30:00,517.0,0.0,517.0
CDB005,2022-08-05,2022-08-05 11:45:00,504.0,0.0,504.0
CDB005,2022-08-05,2022-08-05 12:00:00,730.0,0.0,730.0
CDB005,2022-08-05,2022-08-05 12:15:00,695.0,0.0,695.0
CDB005,2022-08-05,2022-08-05 12:30:00,538.0,0.0,538.0
CDB005,2022-08-05,2022-08-05 12:45:00,508.0,0.0,508.0
CDB005,2022-08-05,2022-08-05 13:00:00,557.0,0.0,557.0
CDB005,2022-08-05,2022-08-05 13:15:00,507.0,0.0,507.0
CDB005,2022-08-05,2022-08-05 13:30:00,851.0,0.0,851.0
CDB005,2022-08-05,2022-08-05 13:45:00,443.0,0.0,443.0
CDB005,2022-08-05,2022-08-05 14:00:00,618.0,0.0,618.0
CDB005,2022-08-05,2022-08-05 14:15:00,492.0,0.0,492.0
CDB005,2022-08-05,2022-08-05 14:30:00,486.0,0.0,486.0
CDB005,2022-08-05,2022-08-05 14:45:00,555.0,0.0,555.0
CDB005,2022-08-05,2022-08-05 15:00:00,698.0,0.0,698.0
CDB005,2022-08-05,2022-08-05 15:15:00,582.0,0.0,582.0
CDB005,2022-08-05,2022-08-05 15:30:00,495.0,0.0,495.0
CDB005,2022-08-05,2022-08-05 15:45:00,503.0,0.0,503.0
CDB005,2022-08-05,2022-08-05 16:00:00,498.0,0.0,498.0
CDB005,2022-08-05,2022-08-05 16:15:00,460.0,0.0,460.0
CDB005,2022-08-05,2022-08-05 16:30:00,509.0,0.0,509.0
CDB005,2022-08-05,2022-08-05 16:45:00,442.0,0.0,442.0
CDB005,2022-08-05,2022-08-05 17:00:00,626.0,0.0,626.0
CDB005,2022-08-05,2022-08-05 17:15:00,492.0,0.0,492.0
CDB005,2022-08-05,2022-08-05 17:30:00,479.0,0.0,479.0
CDB005,2022-08-05,2022-08-05 17:45:00,471.0,0.0,471.0
CDB005,2022-08-05,2022-08-05 18:00:00,467.0,0.0,467.0
CDB005,2022-08-05,2022-08-05 18:15:00,484.0,0.0,484.0
CDB005,2022-08-05,2022-08-05 18:30:00,480.0,0.0,480.0
CDB005,2022-08-05,2022-08-05 18:45:00,481.0,0.0,481.0
CDB005,2022-08-05,2022-08-05 19:00:00,291.0,0.0,291.0
CDB005,2022-08-05,2022-08-05 19:15:00,418.0,0.0,418.0
CDB005,2022-08-05,2022-08-05 19:30:00,458.0,0.0,458.0
CDB005,2022-08-05,2022-08-05 19:45:00,424.0,0.0,424.0
CDB005,2022-08-05,2022-08-05 20:00:00,465.0,0.0,465.0
CDB005,2022-08-05,2022-08-05 20:15:00,412.0,0.0,412.0
CDB005,2022-08-05,2022-08-05 20:30:00,419.0,0.0,419.0
CDB005,2022-08-05,2022-08-05 20:45:00,522.0,0.0,522.0
CDB005,2022-08-05,2022-08-05 21:00:00,1356.0,0.0,1356.0
CDB005,2022-08-05,2022-08-05 21:15:00,1075.0,0.0,1075.0
CDB005,2022-08-05,2022-08-05 21:30:00,382.0,0.0,382.0
CDB005,2022-08-05,2022-08-05 21:45:00,469.0,0.0,469.0
CDB005,2022-08-05,2022-08-05 22:00:00,388.0,0.0,388.0
CDB005,2022-08-05,2022-08-05 22:15:00,382.0,0.0,382.0
CDB005,2022-08-05,2022-08-05 22:30:00,385.0,0.0,385.0
CDB005,2022-08-05,2022-08-05 22:45:00,432.0,0.0,432.0
CDB005,2022-08-05,2022-08-05 23:00:00,385.0,0.0,385.0
CDB005,2022-08-05,2022-08-05 23:15:00,402.0,0.0,402.0
CDB005,2022-08-05,2022-08-05 23:30:00,-105.0,0.0,-105.0
CDB005,2022-08-05,2022-08-05 23:45:00,-424.0,0.0,-424.0
CDB005,2022-08-06,2022-08-06 00:00:00,-450.0,0.0,-450.0
CDB005,2022-08-06,2022-08-06 00:15:00,-242.0,0.0,-242.0
CDB005,2022-08-06,2022-08-06 00:30:00,39.0,0.0,39.0
CDB005,2022-08-06,2022-08-06 00:45:00,-100.0,0.0,-100.0
CDB005,2022-08-06,2022-08-06 01:00:00,-142.0,0.0,-142.0
CDB005,2022-08-06,2022-08-06 01:15:00,206.0,0.0,206.0
CDB005,2022-08-06,2022-08-06 01:30:00,420.0,0.0,420.0
CDB005,2022-08-06,2022-08-06 01:45:00,406.0,0.0,406.0
CDB005,2022-08-06,2022-08-06 02:00:00,377.0,0.0,377.0
CDB005,2022-08-06,2022-08-06 02:15:00,407.0,0.0,407.0
CDB005,2022-08-06,2022-08-06 02:30:00,426.0,0.0,426.0
CDB005,2022-08-06,2022-08-06 02:45:00,409.0,0.0,409.0
CDB005,2022-08-06,2022-08-06 03:00:00,401.0,0.0,401.0
CDB005,2022-08-06,2022-08-06 03:15:00,413.0,0.0,413.0
CDB005,2022-08-06,2022-08-06 03:30:00,429.0,0.0,429.0
CDB005,2022-08-06,2022-08-06 03:45:00,410.0,0.0,410.0
CDB005,2022-08-06,2022-08-06 04:00:00,402.0,0.0,402.0
CDB005,2022-08-06,2022-08-06 04:15:00,406.0,0.0,406.0
CDB005,2022-08-06,2022-08-06 04:30:00,430.0,0.0,430.0
CDB005,2022-08-06,2022-08-06 04:45:00,403.0,0.0,403.0
CDB005,2022-08-06,2022-08-06 05:00:00,405.0,0.0,405.0
CDB005,2022-08-06,2022-08-06 05:15:00,404.0,0.0,404.0
CDB005,2022-08-06,2022-08-06 05:30:00,430.0,0.0,430.0
CDB005,2022-08-06,2022-08-06 05:45:00,398.0,0.0,398.0
CDB005,2022-08-06,2022-08-06 06:00:00,410.0,0.0,410.0
CDB005,2022-08-06,2022-08-06 06:15:00,400.0,0.0,400.0
CDB005,2022-08-06,2022-08-06 06:30:00,575.0,0.0,575.0
CDB005,2022-08-06,2022-08-06 06:45:00,489.0,0.0,489.0
CDB005,2022-08-06,2022-08-06 07:00:00,412.0,0.0,412.0
CDB005,2022-08-06,2022-08-06 07:15:00,396.0,0.0,396.0
CDB005,2022-08-06,2022-08-06 07:30:00,-125.0,0.0,-125.0
CDB005,2022-08-06,2022-08-06 07:45:00,-698.0,0.0,-698.0
CDB005,2022-08-06,2022-08-06 08:00:00,-745.0,0.0,-745.0
CDB005,2022-08-06,2022-08-06 08:15:00,-1052.0,0.0,-1052.0
CDB005,2022-08-06,2022-08-06 08:30:00,-511.0,0.0,-511.0
CDB005,2022-08-06,2022-08-06 08:45:00,-346.0,0.0,-346.0
CDB005,2022-08-06,2022-08-06 09:00:00,-341.0,0.0,-341.0
CDB005,2022-08-06,2022-08-06 09:15:00,-339.0,0.0,-339.0
CDB005,2022-08-06,2022-08-06 09:30:00,1.0,0.0,1.0
CDB005,2022-08-06,2022-08-06 09:45:00,351.0,0.0,351.0
CDB005,2022-08-06,2022-08-06 10:00:00,401.0,0.0,401.0
CDB005,2022-08-06,2022-08-06 10:15:00,412.0,0.0,412.0
CDB005,2022-08-06,2022-08-06 10:30:00,548.0,0.0,548.0
CDB005,2022-08-06,2022-08-06 10:45:00,2326.0,0.0,2326.0
CDB005,2022-08-06,2022-08-06 11:00:00,5024.0,0.0,5024.0
CDB005,2022-08-06,2022-08-06 11:15:00,3477.0,0.0,3477.0
CDB005,2022-08-06,2022-08-06 11:30:00,2793.0,0.0,2793.0
CDB005,2022-08-06,2022-08-06 11:45:00,-360.0,0.0,-360.0
CDB005,2022-08-06,2022-08-06 12:00:00,-525.0,0.0,-525.0
CDB005,2022-08-06,2022-08-06 12:15:00,355.0,0.0,355.0
CDB005,2022-08-06,2022-08-06 12:30:00,-510.0,0.0,-510.0
CDB005,2022-08-06,2022-08-06 12:45:00,-811.0,0.0,-811.0
CDB005,2022-08-06,2022-08-06 13:00:00,-601.0,0.0,-601.0
CDB005,2022-08-06,2022-08-06 13:15:00,-629.0,0.0,-629.0
CDB005,2022-08-06,2022-08-06 13:30:00,-399.0,0.0,-399.0
CDB005,2022-08-06,2022-08-06 13:45:00,-31.0,0.0,-31.0
CDB005,2022-08-06,2022-08-06 14:00:00,-96.0,0.0,-96.0
CDB005,2022-08-06,2022-08-06 14:15:00,-210.0,0.0,-210.0
CDB005,2022-08-06,2022-08-06 14:30:00,-670.0,0.0,-670.0
CDB005,2022-08-06,2022-08-06 14:45:00,-369.0,0.0,-369.0
CDB005,2022-08-06,2022-08-06 15:00:00,3079.0,0.0,3079.0
CDB005,2022-08-06,2022-08-06 15:15:00,3534.0,0.0,3534.0
CDB005,2022-08-06,2022-08-06 15:30:00,1463.0,0.0,1463.0
CDB005,2022-08-06,2022-08-06 15:45:00,-733.0,0.0,-733.0
CDB005,2022-08-06,2022-08-06 16:00:00,-338.0,0.0,-338.0
CDB005,2022-08-06,2022-08-06 16:15:00,-213.0,0.0,-213.0
CDB005,2022-08-06,2022-08-06 16:30:00,-280.0,0.0,-280.0
CDB005,2022-08-06,2022-08-06 16:45:00,-136.0,0.0,-136.0
CDB005,2022-08-06,2022-08-06 17:00:00,438.0,0.0,438.0
CDB005,2022-08-06,2022-08-06 17:15:00,579.0,0.0,579.0
CDB005,2022-08-06,2022-08-06 17:30:00,199.0,0.0,199.0
CDB005,2022-08-06,2022-08-06 17:45:00,2270.0,0.0,2270.0
CDB005,2022-08-06,2022-08-06 18:00:00,364.0,0.0,364.0
CDB005,2022-08-06,2022-08-06 18:15:00,-395.0,0.0,-395.0
CDB005,2022-08-06,2022-08-06 18:30:00,-728.0,0.0,-728.0
CDB005,2022-08-06,2022-08-06 18:45:00,-676.0,0.0,-676.0
CDB005,2022-08-06,2022-08-06 19:00:00,-182.0,0.0,-182.0
CDB005,2022-08-06,2022-08-06 19:15:00,143.0,0.0,143.0
CDB005,2022-08-06,2022-08-06 19:30:00,154.0,0.0,154.0
CDB005,2022-08-06,2022-08-06 19:45:00,245.0,0.0,245.0
CDB005,2022-08-06,2022-08-06 20:00:00,87.0,0.0,87.0
CDB005,2022-08-06,2022-08-06 20:15:00,-773.0,0.0,-773.0
CDB005,2022-08-06,2022-08-06 20:30:00,-498.0,0.0,-498.0
CDB005,2022-08-06,2022-08-06 20:45:00,-104.0,0.0,-104.0
CDB005,2022-08-06,2022-08-06 21:00:00,-199.0,0.0,-199.0
CDB005,2022-08-06,2022-08-06 21:15:00,422.0,0.0,422.0
CDB005,2022-08-06,2022-08-06 21:30:00,416.0,0.0,416.0
CDB005,2022-08-06,2022-08-06 21:45:00,200.0,0.0,200.0
CDB005,2022-08-06,2022-08-06 22:00:00,-677.0,0.0,-677.0
CDB005,2022-08-06,2022-08-06 22:15:00,-786.0,0.0,-786.0
CDB005,2022-08-06,2022-08-06 22:30:00,155.0,0.0,155.0
CDB005,2022-08-06,2022-08-06 22:45:00,-188.0,0.0,-188.0
CDB005,2022-08-06,2022-08-06 23:00:00,361.0,0.0,361.0
CDB005,2022-08-06,2022-08-06 23:15:00,374.0,0.0,374.0
CDB005,2022-08-06,2022-08-06 23:30:00,374.0,0.0,374.0
CDB005,2022-08-06,2022-08-06 23:45:00,380.0,0.0,380.0
CDB005,2022-08-07,2022-08-07 00:00:00,401.0,0.0,401.0
CDB005,2022-08-07,2022-08-07 00:15:00,369.0,0.0,369.0
CDB005,2022-08-07,2022-08-07 00:30:00,388.0,0.0,388.0
CDB005,2022-08-07,2022-08-07 00:45:00,377.0,0.0,377.0
CDB005,2022-08-07,2022-08-07 01:00:00,390.0,0.0,390.0
CDB005,2022-08-07,2022-08-07 01:15:00,371.0,0.0,371.0
CDB005,2022-08-07,2022-08-07 01:30:00,398.0,0.0,398.0
CDB005,2022-08-07,2022-08-07 01:45:00,400.0,0.0,400.0
CDB005,2022-08-07,2022-08-07 02:00:00,390.0,0.0,390.0
CDB005,2022-08-07,2022-08-07 02:15:00,373.0,0.0,373.0
CDB005,2022-08-07,2022-08-07 02:30:00,383.0,0.0,383.0
CDB005,2022-08-07,2022-08-07 02:45:00,395.0,0.0,395.0
CDB005,2022-08-07,2022-08-07 03:00:00,383.0,0.0,383.0
CDB005,2022-08-07,2022-08-07 03:15:00,379.0,0.0,379.0
CDB005,2022-08-07,2022-08-07 03:30:00,369.0,0.0,369.0
CDB005,2022-08-07,2022-08-07 03:45:00,398.0,0.0,398.0
CDB005,2022-08-07,2022-08-07 04:00:00,381.0,0.0,381.0
CDB005,2022-08-07,2022-08-07 04:15:00,385.0,0.0,385.0
CDB005,2022-08-07,2022-08-07 04:30:00,374.0,0.0,374.0
CDB005,2022-08-07,2022-08-07 04:45:00,391.0,0.0,391.0
CDB005,2022-08-07,2022-08-07 05:00:00,390.0,0.0,390.0
CDB005,2022-08-07,2022-08-07 05:15:00,386.0,0.0,386.0
CDB005,2022-08-07,2022-08-07 05:30:00,372.0,0.0,372.0
CDB005,2022-08-07,2022-08-07 05:45:00,386.0,0.0,386.0
CDB005,2022-08-07,2022-08-07 06:00:00,400.0,0.0,400.0
CDB005,2022-08-07,2022-08-07 06:15:00,387.0,0.0,387.0
CDB005,2022-08-07,2022-08-07 06:30:00,513.0,0.0,513.0
CDB005,2022-08-07,2022-08-07 06:45:00,475.0,0.0,475.0
CDB005,2022-08-07,2022-08-07 07:00:00,400.0,0.0,400.0
CDB005,2022-08-07,2022-08-07 07:15:00,387.0,0.0,387.0
CDB005,2022-08-07,2022-08-07 07:30:00,381.0,0.0,381.0
CDB005,2022-08-07,2022-08-07 07:45:00,1603.0,0.0,1603.0
CDB005,2022-08-07,2022-08-07 08:00:00,534.0,0.0,534.0
CDB005,2022-08-07,2022-08-07 08:15:00,427.0,0.0,427.0
CDB005,2022-08-07,2022-08-07 08:30:00,413.0,0.0,413.0
CDB005,2022-08-07,2022-08-07 08:45:00,651.0,0.0,651.0
CDB005,2022-08-07,2022-08-07 09:00:00,1253.0,0.0,1253.0
CDB005,2022-08-07,2022-08-07 09:15:00,448.0,0.0,448.0
CDB005,2022-08-07,2022-08-07 09:30:00,383.0,0.0,383.0
CDB005,2022-08-07,2022-08-07 09:45:00,548.0,0.0,548.0
CDB005,2022-08-07,2022-08-07 10:00:00,694.0,0.0,694.0
CDB005,2022-08-07,2022-08-07 10:15:00,472.0,0.0,472.0
CDB005,2022-08-07,2022-08-07 10:30:00,370.0,0.0,370.0
CDB005,2022-08-07,2022-08-07 10:45:00,504.0,0.0,504.0
CDB005,2022-08-07,2022-08-07 11:00:00,777.0,0.0,777.0
CDB005,2022-08-07,2022-08-07 11:15:00,544.0,0.0,544.0
CDB005,2022-08-07,2022-08-07 11:30:00,635.0,0.0,635.0
CDB005,2022-08-07,2022-08-07 11:45:00,643.0,0.0,643.0
CDB005,2022-08-07,2022-08-07 12:00:00,627.0,0.0,627.0
CDB005,2022-08-07,2022-08-07 12:15:00,491.0,0.0,491.0
CDB005,2022-08-07,2022-08-07 12:30:00,603.0,0.0,603.0
CDB005,2022-08-07,2022-08-07 12:45:00,477.0,0.0,477.0
CDB005,2022-08-07,2022-08-07 13:00:00,1520.0,0.0,1520.0
CDB005,2022-08-07,2022-08-07 13:15:00,463.0,0.0,463.0
CDB005,2022-08-07,2022-08-07 13:30:00,456.0,0.0,456.0
CDB005,2022-08-07,2022-08-07 13:45:00,467.0,0.0,467.0
CDB005,2022-08-07,2022-08-07 14:00:00,485.0,0.0,485.0
CDB005,2022-08-07,2022-08-07 14:15:00,465.0,0.0,465.0
CDB005,2022-08-07,2022-08-07 14:30:00,450.0,0.0,450.0
CDB005,2022-08-07,2022-08-07 14:45:00,552.0,0.0,552.0
CDB005,2022-08-07,2022-08-07 15:00:00,414.0,0.0,414.0
CDB005,2022-08-07,2022-08-07 15:15:00,385.0,0.0,385.0
CDB005,2022-08-07,2022-08-07 15:30:00,389.0,0.0,389.0
CDB005,2022-08-07,2022-08-07 15:45:00,399.0,0.0,399.0
CDB005,2022-08-07,2022-08-07 16:00:00,413.0,0.0,413.0
CDB005,2022-08-07,2022-08-07 16:15:00,397.0,0.0,397.0
CDB005,2022-08-07,2022-08-07 16:30:00,386.0,0.0,386.0
CDB005,2022-08-07,2022-08-07 16:45:00,428.0,0.0,428.0
CDB005,2022-08-07,2022-08-07 17:00:00,402.0,0.0,402.0
CDB005,2022-08-07,2022-08-07 17:15:00,387.0,0.0,387.0
CDB005,2022-08-07,2022-08-07 17:30:00,377.0,0.0,377.0
CDB005,2022-08-07,2022-08-07 17:45:00,385.0,0.0,385.0
CDB005,2022-08-07,2022-08-07 18:00:00,402.0,0.0,402.0
CDB005,2022-08-07,2022-08-07 18:15:00,383.0,0.0,383.0
CDB005,2022-08-07,2022-08-07 18:30:00,194.0,0.0,194.0
CDB005,2022-08-07,2022-08-07 18:45:00,333.0,0.0,333.0
CDB005,2022-08-07,2022-08-07 19:00:00,404.0,0.0,404.0
CDB005,2022-08-07,2022-08-07 19:15:00,362.0,0.0,362.0
CDB005,2022-08-07,2022-08-07 19:30:00,373.0,0.0,373.0
CDB005,2022-08-07,2022-08-07 19:45:00,1131.0,0.0,1131.0
CDB005,2022-08-07,2022-08-07 20:00:00,409.0,0.0,409.0
CDB005,2022-08-07,2022-08-07 20:15:00,635.0,0.0,635.0
CDB005,2022-08-07,2022-08-07 20:30:00,412.0,0.0,412.0
CDB005,2022-08-07,2022-08-07 20:45:00,387.0,0.0,387.0
CDB005,2022-08-07,2022-08-07 21:00:00,432.0,0.0,432.0
CDB005,2022-08-07,2022-08-07 21:15:00,367.0,0.0,367.0
CDB005,2022-08-07,2022-08-07 21:30:00,385.0,0.0,385.0
CDB005,2022-08-07,2022-08-07 21:45:00,513.0,0.0,513.0
CDB005,2022-08-07,2022-08-07 22:00:00,406.0,0.0,406.0
CDB005,2022-08-07,2022-08-07 22:15:00,366.0,0.0,366.0
CDB005,2022-08-07,2022-08-07 22:30:00,382.0,0.0,382.0
CDB005,2022-08-07,2022-08-07 22:45:00,384.0,0.0,384.0
CDB005,2022-08-07,2022-08-07 23:00:00,390.0,0.0,390.0
CDB005,2022-08-07,2022-08-07 23:15:00,369.0,0.0,369.0
CDB005,2022-08-07,2022-08-07 23:30:00,393.0,0.0,393.0
CDB005,2022-08-07,2022-08-07 23:45:00,394.0,0.0,394.0
CDB005,2022-08-08,2022-08-08 00:00:00,382.0,0.0,382.0
CDB005,2022-08-08,2022-08-08 00:15:00,369.0,0.0,369.0
CDB005,2022-08-08,2022-08-08 00:30:00,381.0,0.0,381.0
CDB005,2022-08-08,2022-08-08 00:45:00,398.0,0.0,398.0
CDB005,2022-08-08,2022-08-08 01:00:00,381.0,0.0,381.0
CDB005,2022-08-08,2022-08-08 01:15:00,374.0,0.0,374.0
CDB005,2022-08-08,2022-08-08 01:30:00,389.0,0.0,389.0
CDB005,2022-08-08,2022-08-08 01:45:00,403.0,0.0,403.0
CDB005,2022-08-08,2022-08-08 02:00:00,384.0,0.0,384.0
CDB005,2022-08-08,2022-08-08 02:15:00,376.0,0.0,376.0
CDB005,2022-08-08,2022-08-08 02:30:00,382.0,0.0,382.0
CDB005,2022-08-08,2022-08-08 02:45:00,404.0,0.0,404.0
CDB005,2022-08-08,2022-08-08 03:00:00,383.0,0.0,383.0
CDB005,2022-08-08,2022-08-08 03:15:00,375.0,0.0,375.0
CDB005,2022-08-08,2022-08-08 03:30:00,382.0,0.0,382.0
CDB005,2022-08-08,2022-08-08 03:45:00,405.0,0.0,405.0
CDB005,2022-08-08,2022-08-08 04:00:00,384.0,0.0,384.0
CDB005,2022-08-08,2022-08-08 04:15:00,377.0,0.0,377.0
CDB005,2022-08-08,2022-08-08 04:30:00,381.0,0.0,381.0
CDB005,2022-08-08,2022-08-08 04:45:00,405.0,0.0,405.0
CDB005,2022-08-08,2022-08-08 05:00:00,379.0,0.0,379.0
CDB005,2022-08-08,2022-08-08 05:15:00,382.0,0.0,382.0
CDB005,2022-08-08,2022-08-08 05:30:00,376.0,0.0,376.0
CDB005,2022-08-08,2022-08-08 05:45:00,393.0,0.0,393.0
CDB005,2022-08-08,2022-08-08 06:00:00,384.0,0.0,384.0
CDB005,2022-08-08,2022-08-08 06:15:00,387.0,0.0,387.0
CDB005,2022-08-08,2022-08-08 06:30:00,370.0,0.0,370.0
CDB005,2022-08-08,2022-08-08 06:45:00,389.0,0.0,389.0
CDB005,2022-08-08,2022-08-08 07:00:00,392.0,0.0,392.0
CDB005,2022-08-08,2022-08-08 07:15:00,384.0,0.0,384.0
CDB005,2022-08-08,2022-08-08 07:30:00,365.0,0.0,365.0
CDB005,2022-08-08,2022-08-08 07:45:00,370.0,0.0,370.0
CDB005,2022-08-08,2022-08-08 08:00:00,1455.0,0.0,1455.0
CDB005,2022-08-08,2022-08-08 08:15:00,502.0,0.0,502.0
CDB005,2022-08-08,2022-08-08 08:30:00,493.0,0.0,493.0
CDB005,2022-08-08,2022-08-08 08:45:00,447.0,0.0,447.0
CDB005,2022-08-08,2022-08-08 09:00:00,434.0,0.0,434.0
CDB005,2022-08-08,2022-08-08 09:15:00,389.0,0.0,389.0
CDB005,2022-08-08,2022-08-08 09:30:00,420.0,0.0,420.0
CDB005,2022-08-08,2022-08-08 09:45:00,377.0,0.0,377.0
CDB005,2022-08-08,2022-08-08 10:00:00,481.0,0.0,481.0
CDB005,2022-08-08,2022-08-08 10:15:00,672.0,0.0,672.0
CDB005,2022-08-08,2022-08-08 10:30:00,428.0,0.0,428.0
CDB005,2022-08-08,2022-08-08 10:45:00,439.0,0.0,439.0
CDB005,2022-08-08,2022-08-08 11:00:00,616.0,0.0,616.0
CDB005,2022-08-08,2022-08-08 11:15:00,441.0,0.0,441.0
CDB005,2022-08-08,2022-08-08 11:30:00,465.0,0.0,465.0
CDB005,2022-08-08,2022-08-08 11:45:00,934.0,0.0,934.0
CDB005,2022-08-08,2022-08-08 12:00:00,489.0,0.0,489.0
CDB005,2022-08-08,2022-08-08 12:15:00,491.0,0.0,491.0
CDB005,2022-08-08,2022-08-08 12:30:00,506.0,0.0,506.0
CDB005,2022-08-08,2022-08-08 12:45:00,562.0,0.0,562.0
CDB005,2022-08-08,2022-08-08 13:00:00,538.0,0.0,538.0
CDB005,2022-08-08,2022-08-08 13:15:00,495.0,0.0,495.0
CDB005,2022-08-08,2022-08-08 13:30:00,526.0,0.0,526.0
CDB005,2022-08-08,2022-08-08 13:45:00,503.0,0.0,503.0
CDB005,2022-08-08,2022-08-08 14:00:00,539.0,0.0,539.0
CDB005,2022-08-08,2022-08-08 14:15:00,501.0,0.0,501.0
CDB005,2022-08-08,2022-08-08 14:30:00,1079.0,0.0,1079.0
CDB005,2022-08-08,2022-08-08 14:45:00,518.0,0.0,518.0
CDB005,2022-08-08,2022-08-08 15:00:00,550.0,0.0,550.0
CDB005,2022-08-08,2022-08-08 15:15:00,504.0,0.0,504.0
CDB005,2022-08-08,2022-08-08 15:30:00,493.0,0.0,493.0
CDB005,2022-08-08,2022-08-08 15:45:00,448.0,0.0,448.0
CDB005,2022-08-08,2022-08-08 16:00:00,495.0,0.0,495.0
CDB005,2022-08-08,2022-08-08 16:15:00,451.0,0.0,451.0
CDB005,2022-08-08,2022-08-08 16:30:00,456.0,0.0,456.0
CDB005,2022-08-08,2022-08-08 16:45:00,450.0,0.0,450.0
CDB005,2022-08-08,2022-08-08 17:00:00,489.0,0.0,489.0
CDB005,2022-08-08,2022-08-08 17:15:00,382.0,0.0,382.0
CDB005,2022-08-08,2022-08-08 17:30:00,395.0,0.0,395.0
CDB005,2022-08-08,2022-08-08 17:45:00,428.0,0.0,428.0
CDB005,2022-08-08,2022-08-08 18:00:00,401.0,0.0,401.0
CDB005,2022-08-08,2022-08-08 18:15:00,405.0,0.0,405.0
CDB005,2022-08-08,2022-08-08 18:30:00,1124.0,0.0,1124.0
CDB005,2022-08-08,2022-08-08 18:45:00,561.0,0.0,561.0
CDB005,2022-08-08,2022-08-08 19:00:00,385.0,0.0,385.0
CDB005,2022-08-08,2022-08-08 19:15:00,408.0,0.0,408.0
CDB005,2022-08-08,2022-08-08 19:30:00,391.0,0.0,391.0
CDB005,2022-08-08,2022-08-08 19:45:00,431.0,0.0,431.0
CDB005,2022-08-08,2022-08-08 20:00:00,436.0,0.0,436.0
CDB005,2022-08-08,2022-08-08 20:15:00,405.0,0.0,405.0
CDB005,2022-08-08,2022-08-08 20:30:00,388.0,0.0,388.0
CDB005,2022-08-08,2022-08-08 20:45:00,428.0,0.0,428.0
CDB005,2022-08-08,2022-08-08 21:00:00,364.0,0.0,364.0
CDB005,2022-08-08,2022-08-08 21:15:00,1021.0,0.0,1021.0
CDB005,2022-08-08,2022-08-08 21:30:00,378.0,0.0,378.0
CDB005,2022-08-08,2022-08-08 21:45:00,417.0,0.0,417.0
CDB005,2022-08-08,2022-08-08 22:00:00,381.0,0.0,381.0
CDB005,2022-08-08,2022-08-08 22:15:00,399.0,0.0,399.0
CDB005,2022-08-08,2022-08-08 22:30:00,424.0,0.0,424.0
CDB005,2022-08-08,2022-08-08 22:45:00,399.0,0.0,399.0
CDB005,2022-08-08,2022-08-08 23:00:00,374.0,0.0,374.0
CDB005,2022-08-08,2022-08-08 23:15:00,372.0,0.0,372.0
CDB005,2022-08-08,2022-08-08 23:30:00,393.0,0.0,393.0
CDB005,2022-08-08,2022-08-08 23:45:00,377.0,0.0,377.0
CDB005,2022-08-09,2022-08-09 00:00:00,366.0,0.0,366.0
CDB005,2022-08-09,2022-08-09 00:15:00,356.0,0.0,356.0
CDB005,2022-08-09,2022-08-09 00:30:00,399.0,0.0,399.0
CDB005,2022-08-09,2022-08-09 00:45:00,360.0,0.0,360.0
CDB005,2022-08-09,2022-08-09 01:00:00,373.0,0.0,373.0
CDB005,2022-08-09,2022-08-09 01:15:00,361.0,0.0,361.0
CDB005,2022-08-09,2022-08-09 01:30:00,400.0,0.0,400.0
CDB005,2022-08-09,2022-08-09 01:45:00,363.0,0.0,363.0
CDB005,2022-08-09,2022-08-09 02:00:00,375.0,0.0,375.0
CDB005,2022-08-09,2022-08-09 02:15:00,360.0,0.0,360.0
CDB005,2022-08-09,2022-08-09 02:30:00,397.0,0.0,397.0
CDB005,2022-08-09,2022-08-09 02:45:00,359.0,0.0,359.0
CDB005,2022-08-09,2022-08-09 03:00:00,370.0,0.0,370.0
CDB005,2022-08-09,2022-08-09 03:15:00,360.0,0.0,360.0
CDB005,2022-08-09,2022-08-09 03:30:00,397.0,0.0,397.0
CDB005,2022-08-09,2022-08-09 03:45:00,360.0,0.0,360.0
CDB005,2022-08-09,2022-08-09 04:00:00,369.0,0.0,369.0
CDB005,2022-08-09,2022-08-09 04:15:00,361.0,0.0,361.0
CDB005,2022-08-09,2022-08-09 04:30:00,395.0,0.0,395.0
CDB005,2022-08-09,2022-08-09 04:45:00,362.0,0.0,362.0
CDB005,2022-08-09,2022-08-09 05:00:00,503.0,0.0,503.0
CDB005,2022-08-09,2022-08-09 05:15:00,456.0,0.0,456.0
CDB005,2022-08-09,2022-08-09 05:30:00,389.0,0.0,389.0
CDB005,2022-08-09,2022-08-09 05:45:00,367.0,0.0,367.0
CDB005,2022-08-09,2022-08-09 06:00:00,356.0,0.0,356.0
CDB005,2022-08-09,2022-08-09 06:15:00,370.0,0.0,370.0
CDB005,2022-08-09,2022-08-09 06:30:00,383.0,0.0,383.0
CDB005,2022-08-09,2022-08-09 06:45:00,370.0,0.0,370.0
CDB005,2022-08-09,2022-08-09 07:00:00,360.0,0.0,360.0
CDB005,2022-08-09,2022-08-09 07:15:00,371.0,0.0,371.0
CDB005,2022-08-09,2022-08-09 07:30:00,369.0,0.0,369.0
CDB005,2022-08-09,2022-08-09 07:45:00,1383.0,0.0,1383.0
CDB005,2022-08-09,2022-08-09 08:00:00,421.0,0.0,421.0
CDB005,2022-08-09,2022-08-09 08:15:00,433.0,0.0,433.0
CDB005,2022-08-09,2022-08-09 08:30:00,516.0,0.0,516.0
CDB005,2022-08-09,2022-08-09 08:45:00,937.0,0.0,937.0
CDB005,2022-08-09,2022-08-09 09:00:00,596.0,0.0,596.0
CDB005,2022-08-09,2022-08-09 09:15:00,470.0,0.0,470.0
CDB005,2022-08-09,2022-08-09 09:30:00,440.0,0.0,440.0
CDB005,2022-08-09,2022-08-09 09:45:00,387.0,0.0,387.0
CDB005,2022-08-09,2022-08-09 10:00:00,695.0,0.0,695.0
CDB005,2022-08-09,2022-08-09 10:15:00,1255.0,0.0,1255.0
CDB005,2022-08-09,2022-08-09 10:30:00,510.0,0.0,510.0
CDB005,2022-08-09,2022-08-09 10:45:00,370.0,0.0,370.0
CDB005,2022-08-09,2022-08-09 11:00:00,450.0,0.0,450.0
CDB005,2022-08-09,2022-08-09 11:15:00,460.0,0.0,460.0
CDB005,2022-08-09,2022-08-09 11:30:00,676.0,0.0,676.0
CDB005,2022-08-09,2022-08-09 11:45:00,487.0,0.0,487.0
CDB005,2022-08-09,2022-08-09 12:00:00,382.0,0.0,382.0
CDB005,2022-08-09,2022-08-09 12:15:00,235.0,0.0,235.0
CDB005,2022-08-09,2022-08-09 12:30:00,538.0,0.0,538.0
CDB005,2022-08-09,2022-08-09 12:45:00,500.0,0.0,500.0
CDB005,2022-08-09,2022-08-09 13:00:00,725.0,0.0,725.0
CDB005,2022-08-09,2022-08-09 13:15:00,610.0,0.0,610.0
CDB005,2022-08-09,2022-08-09 13:30:00,498.0,0.0,498.0
CDB005,2022-08-09,2022-08-09 13:45:00,440.0,0.0,440.0
CDB005,2022-08-09,2022-08-09 14:00:00,446.0,0.0,446.0
CDB005,2022-08-09,2022-08-09 14:15:00,456.0,0.0,456.0
CDB005,2022-08-09,2022-08-09 14:30:00,-185.0,0.0,-185.0
CDB005,2022-08-09,2022-08-09 14:45:00,-422.0,0.0,-422.0
CDB005,2022-08-09,2022-08-09 15:00:00,-327.0,0.0,-327.0
CDB005,2022-08-09,2022-08-09 15:15:00,-365.0,0.0,-365.0
CDB005,2022-08-09,2022-08-09 15:30:00,-272.0,0.0,-272.0
CDB005,2022-08-09,2022-08-09 15:45:00,-211.0,0.0,-211.0
CDB005,2022-08-09,2022-08-09 16:00:00,-203.0,0.0,-203.0
CDB005,2022-08-09,2022-08-09 16:15:00,-142.0,0.0,-142.0
CDB005,2022-08-09,2022-08-09 16:30:00,-183.0,0.0,-183.0
CDB005,2022-08-09,2022-08-09 16:45:00,-113.0,0.0,-113.0
CDB005,2022-08-09,2022-08-09 17:00:00,-194.0,0.0,-194.0
CDB005,2022-08-09,2022-08-09 17:15:00,-254.0,0.0,-254.0
CDB005,2022-08-09,2022-08-09 17:30:00,-22.0,0.0,-22.0
CDB005,2022-08-09,2022-08-09 17:45:00,-249.0,0.0,-249.0
CDB005,2022-08-09,2022-08-09 18:00:00,-229.0,0.0,-229.0
CDB005,2022-08-09,2022-08-09 18:15:00,-253.0,0.0,-253.0
CDB005,2022-08-09,2022-08-09 18:30:00,-259.0,0.0,-259.0
CDB005,2022-08-09,2022-08-09 18:45:00,-308.0,0.0,-308.0
CDB005,2022-08-09,2022-08-09 19:00:00,-256.0,0.0,-256.0
CDB005,2022-08-09,2022-08-09 19:15:00,20.0,0.0,20.0
CDB005,2022-08-09,2022-08-09 19:30:00,390.0,0.0,390.0
CDB005,2022-08-09,2022-08-09 19:45:00,590.0,0.0,590.0
CDB005,2022-08-09,2022-08-09 20:00:00,428.0,0.0,428.0
CDB005,2022-08-09,2022-08-09 20:15:00,426.0,0.0,426.0
CDB005,2022-08-09,2022-08-09 20:30:00,885.0,0.0,885.0
CDB005,2022-08-09,2022-08-09 20:45:00,1012.0,0.0,1012.0
CDB005,2022-08-09,2022-08-09 21:00:00,1116.0,0.0,1116.0
CDB005,2022-08-09,2022-08-09 21:15:00,484.0,0.0,484.0
CDB005,2022-08-09,2022-08-09 21:30:00,505.0,0.0,505.0
CDB005,2022-08-09,2022-08-09 21:45:00,468.0,0.0,468.0
CDB005,2022-08-09,2022-08-09 22:00:00,504.0,0.0,504.0
CDB005,2022-08-09,2022-08-09 22:15:00,417.0,0.0,417.0
CDB005,2022-08-09,2022-08-09 22:30:00,442.0,0.0,442.0
CDB005,2022-08-09,2022-08-09 22:45:00,389.0,0.0,389.0
CDB005,2022-08-09,2022-08-09 23:00:00,404.0,0.0,404.0
CDB005,2022-08-09,2022-08-09 23:15:00,406.0,0.0,406.0
CDB005,2022-08-09,2022-08-09 23:30:00,403.0,0.0,403.0
CDB005,2022-08-09,2022-08-09 23:45:00,364.0,0.0,364.0
CDB005,2022-08-10,2022-08-10 00:00:00,356.0,0.0,356.0
CDB005,2022-08-10,2022-08-10 00:15:00,388.0,0.0,388.0
CDB005,2022-08-10,2022-08-10 00:30:00,370.0,0.0,370.0
CDB005,2022-08-10,2022-08-10 00:45:00,367.0,0.0,367.0
CDB005,2022-08-10,2022-08-10 01:00:00,373.0,0.0,373.0
CDB005,2022-08-10,2022-08-10 01:15:00,394.0,0.0,394.0
CDB005,2022-08-10,2022-08-10 01:30:00,377.0,0.0,377.0
CDB005,2022-08-10,2022-08-10 01:45:00,363.0,0.0,363.0
CDB005,2022-08-10,2022-08-10 02:00:00,370.0,0.0,370.0
CDB005,2022-08-10,2022-08-10 02:15:00,385.0,0.0,385.0
CDB005,2022-08-10,2022-08-10 02:30:00,363.0,0.0,363.0
CDB005,2022-08-10,2022-08-10 02:45:00,373.0,0.0,373.0
CDB005,2022-08-10,2022-08-10 03:00:00,388.0,0.0,388.0
CDB005,2022-08-10,2022-08-10 03:15:00,374.0,0.0,374.0
CDB005,2022-08-10,2022-08-10 03:30:00,361.0,0.0,361.0
CDB005,2022-08-10,2022-08-10 03:45:00,374.0,0.0,374.0
CDB005,2022-08-10,2022-08-10 04:00:00,388.0,0.0,388.0
CDB005,2022-08-10,2022-08-10 04:15:00,373.0,0.0,373.0
CDB005,2022-08-10,2022-08-10 04:30:00,363.0,0.0,363.0
CDB005,2022-08-10,2022-08-10 04:45:00,374.0,0.0,374.0
CDB005,2022-08-10,2022-08-10 05:00:00,521.0,0.0,521.0
CDB005,2022-08-10,2022-08-10 05:15:00,445.0,0.0,445.0
CDB005,2022-08-10,2022-08-10 05:30:00,383.0,0.0,383.0
CDB005,2022-08-10,2022-08-10 05:45:00,382.0,0.0,382.0
CDB005,2022-08-10,2022-08-10 06:00:00,376.0,0.0,376.0
CDB005,2022-08-10,2022-08-10 06:15:00,368.0,0.0,368.0
CDB005,2022-08-10,2022-08-10 06:30:00,359.0,0.0,359.0
CDB005,2022-08-10,2022-08-10 06:45:00,380.0,0.0,380.0
CDB005,2022-08-10,2022-08-10 07:00:00,368.0,0.0,368.0
CDB005,2022-08-10,2022-08-10 07:15:00,496.0,0.0,496.0
CDB005,2022-08-10,2022-08-10 07:30:00,333.0,0.0,333.0
CDB005,2022-08-10,2022-08-10 07:45:00,426.0,0.0,426.0
CDB005,2022-08-10,2022-08-10 08:00:00,1504.0,0.0,1504.0
CDB005,2022-08-10,2022-08-10 08:15:00,415.0,0.0,415.0
CDB005,2022-08-10,2022-08-10 08:30:00,408.0,0.0,408.0
CDB005,2022-08-10,2022-08-10 08:45:00,370.0,0.0,370.0
CDB005,2022-08-10,2022-08-10 09:00:00,447.0,0.0,447.0
CDB005,2022-08-10,2022-08-10 09:15:00,445.0,0.0,445.0
CDB005,2022-08-10,2022-08-10 09:30:00,-95.0,0.0,-95.0
CDB005,2022-08-10,2022-08-10 09:45:00,-237.0,0.0,-237.0
CDB005,2022-08-10,2022-08-10 10:00:00,825.0,0.0,825.0
CDB005,2022-08-10,2022-08-10 10:15:00,1.0,0.0,1.0
CDB005,2022-08-10,2022-08-10 10:30:00,-361.0,0.0,-361.0
CDB005,2022-08-10,2022-08-10 10:45:00,-311.0,0.0,-311.0
CDB005,2022-08-10,2022-08-10 11:00:00,-107.0,0.0,-107.0
CDB005,2022-08-10,2022-08-10 11:15:00,-282.0,0.0,-282.0
CDB005,2022-08-10,2022-08-10 11:30:00,477.0,0.0,477.0
CDB005,2022-08-10,2022-08-10 11:45:00,54.0,0.0,54.0
CDB005,2022-08-10,2022-08-10 12:00:00,-38.0,0.0,-38.0
CDB005,2022-08-10,2022-08-10 12:15:00,-228.0,0.0,-228.0
CDB005,2022-08-10,2022-08-10 12:30:00,-181.0,0.0,-181.0
CDB005,2022-08-10,2022-08-10 12:45:00,28.0,0.0,28.0
CDB005,2022-08-10,2022-08-10 13:00:00,-3327550.0,0.0,-3327550.0
CDB005,2022-08-10,2022-08-10 13:15:00,0.0,0.0,0.0
CDB005,2022-08-10,2022-08-10 13:30:00,0.0,0.0,0.0
CDB005,2022-08-10,2022-08-10 13:45:00,0.0,0.0,0.0
CDB005,2022-08-10,2022-08-10 14:00:00,633.0,0.0,633.0
CDB005,2022-08-10,2022-08-10 14:15:00,1677.0,0.0,1677.0
CDB005,2022-08-10,2022-08-10 14:30:00,489.0,0.0,489.0
CDB005,2022-08-10,2022-08-10 14:45:00,506.0,0.0,506.0
CDB005,2022-08-10,2022-08-10 15:00:00,397.0,0.0,397.0
CDB005,2022-08-10,2022-08-10 15:15:00,385.0,0.0,385.0
CDB005,2022-08-10,2022-08-10 15:30:00,384.0,0.0,384.0
CDB005,2022-08-10,2022-08-10 15:45:00,441.0,0.0,441.0
CDB005,2022-08-10,2022-08-10 16:00:00,628.0,0.0,628.0
CDB005,2022-08-10,2022-08-10 16:15:00,519.0,0.0,519.0
CDB005,2022-08-10,2022-08-10 16:30:00,504.0,0.0,504.0
CDB005,2022-08-10,2022-08-10 16:45:00,499.0,0.0,499.0
CDB005,2022-08-10,2022-08-10 17:00:00,421.0,0.0,421.0
CDB005,2022-08-10,2022-08-10 17:15:00,564.0,0.0,564.0
CDB005,2022-08-10,2022-08-10 17:30:00,506.0,0.0,506.0
CDB005,2022-08-10,2022-08-10 17:45:00,602.0,0.0,602.0
CDB005,2022-08-10,2022-08-10 18:00:00,561.0,0.0,561.0
CDB005,2022-08-10,2022-08-10 18:15:00,546.0,0.0,546.0
CDB005,2022-08-10,2022-08-10 18:30:00,596.0,0.0,596.0
CDB005,2022-08-10,2022-08-10 18:45:00,552.0,0.0,552.0
CDB005,2022-08-10,2022-08-10 19:00:00,547.0,0.0,547.0
CDB005,2022-08-10,2022-08-10 19:15:00,541.0,0.0,541.0
CDB005,2022-08-10,2022-08-10 19:30:00,996.0,0.0,996.0
CDB005,2022-08-10,2022-08-10 19:45:00,679.0,0.0,679.0
CDB005,2022-08-10,2022-08-10 20:00:00,567.0,0.0,567.0
CDB005,2022-08-10,2022-08-10 20:15:00,568.0,0.0,568.0
CDB005,2022-08-10,2022-08-10 20:30:00,783.0,0.0,783.0
CDB005,2022-08-10,2022-08-10 20:45:00,507.0,0.0,507.0
CDB005,2022-08-10,2022-08-10 21:00:00,501.0,0.0,501.0
CDB005,2022-08-10,2022-08-10 21:15:00,1054.0,0.0,1054.0
CDB005,2022-08-10,2022-08-10 21:30:00,828.0,0.0,828.0
CDB005,2022-08-10,2022-08-10 21:45:00,888.0,0.0,888.0
CDB005,2022-08-10,2022-08-10 22:00:00,624.0,0.0,624.0
CDB005,2022-08-10,2022-08-10 22:15:00,456.0,0.0,456.0
CDB005,2022-08-10,2022-08-10 22:30:00,452.0,0.0,452.0
CDB005,2022-08-10,2022-08-10 22:45:00,447.0,0.0,447.0
CDB005,2022-08-10,2022-08-10 23:00:00,413.0,0.0,413.0
CDB005,2022-08-10,2022-08-10 23:15:00,353.0,0.0,353.0
CDB005,2022-08-10,2022-08-10 23:30:00,365.0,0.0,365.0
CDB005,2022-08-10,2022-08-10 23:45:00,394.0,0.0,394.0
CDB005,2022-08-11,2022-08-11 00:00:00,381.0,0.0,381.0
CDB005,2022-08-11,2022-08-11 00:15:00,367.0,0.0,367.0
CDB005,2022-08-11,2022-08-11 00:30:00,400.0,0.0,400.0
CDB005,2022-08-11,2022-08-11 00:45:00,375.0,0.0,375.0
CDB005,2022-08-11,2022-08-11 01:00:00,376.0,0.0,376.0
CDB005,2022-08-11,2022-08-11 01:15:00,364.0,0.0,364.0
CDB005,2022-08-11,2022-08-11 01:30:00,435.0,0.0,435.0
CDB005,2022-08-11,2022-08-11 01:45:00,379.0,0.0,379.0
CDB005,2022-08-11,2022-08-11 02:00:00,378.0,0.0,378.0
CDB005,2022-08-11,2022-08-11 02:15:00,376.0,0.0,376.0
CDB005,2022-08-11,2022-08-11 02:30:00,396.0,0.0,396.0
CDB005,2022-08-11,2022-08-11 02:45:00,370.0,0.0,370.0
CDB005,2022-08-11,2022-08-11 03:00:00,373.0,0.0,373.0
CDB005,2022-08-11,2022-08-11 03:15:00,402.0,0.0,402.0
CDB005,2022-08-11,2022-08-11 03:30:00,368.0,0.0,368.0
CDB005,2022-08-11,2022-08-11 03:45:00,381.0,0.0,381.0
CDB005,2022-08-11,2022-08-11 04:00:00,370.0,0.0,370.0
CDB005,2022-08-11,2022-08-11 04:15:00,494.0,0.0,494.0
CDB005,2022-08-11,2022-08-11 04:30:00,368.0,0.0,368.0
CDB005,2022-08-11,2022-08-11 04:45:00,380.0,0.0,380.0
CDB005,2022-08-11,2022-08-11 05:00:00,392.0,0.0,392.0
CDB005,2022-08-11,2022-08-11 05:15:00,378.0,0.0,378.0
CDB005,2022-08-11,2022-08-11 05:30:00,369.0,0.0,369.0
CDB005,2022-08-11,2022-08-11 05:45:00,374.0,0.0,374.0
CDB005,2022-08-11,2022-08-11 06:00:00,392.0,0.0,392.0
CDB005,2022-08-11,2022-08-11 06:15:00,368.0,0.0,368.0
CDB005,2022-08-11,2022-08-11 06:30:00,368.0,0.0,368.0
CDB005,2022-08-11,2022-08-11 06:45:00,363.0,0.0,363.0
CDB005,2022-08-11,2022-08-11 07:00:00,507.0,0.0,507.0
CDB005,2022-08-11,2022-08-11 07:15:00,1595.0,0.0,1595.0
CDB005,2022-08-11,2022-08-11 07:30:00,575.0,0.0,575.0
CDB005,2022-08-11,2022-08-11 07:45:00,462.0,0.0,462.0
CDB005,2022-08-11,2022-08-11 08:00:00,464.0,0.0,464.0
CDB005,2022-08-11,2022-08-11 08:15:00,430.0,0.0,430.0
CDB005,2022-08-11,2022-08-11 08:30:00,405.0,0.0,405.0
CDB005,2022-08-11,2022-08-11 08:45:00,422.0,0.0,422.0
CDB005,2022-08-11,2022-08-11 09:00:00,409.0,0.0,409.0
CDB005,2022-08-11,2022-08-11 09:15:00,393.0,0.0,393.0
CDB005,2022-08-11,2022-08-11 09:30:00,411.0,0.0,411.0
CDB005,2022-08-11,2022-08-11 09:45:00,550.0,0.0,550.0
CDB005,2022-08-11,2022-08-11 10:00:00,644.0,0.0,644.0
CDB005,2022-08-11,2022-08-11 10:15:00,415.0,0.0,415.0
CDB005,2022-08-11,2022-08-11 10:30:00,-386.0,0.0,-386.0
CDB005,2022-08-11,2022-08-11 10:45:00,-389.0,0.0,-389.0
CDB005,2022-08-11,2022-08-11 11:00:00,-205.0,0.0,-205.0
CDB005,2022-08-11,2022-08-11 11:15:00,-152.0,0.0,-152.0
CDB005,2022-08-11,2022-08-11 11:30:00,-266.0,0.0,-266.0
CDB005,2022-08-11,2022-08-11 11:45:00,-291.0,0.0,-291.0
CDB005,2022-08-11,2022-08-11 12:00:00,-314.0,0.0,-314.0
CDB005,2022-08-11,2022-08-11 12:15:00,-297.0,0.0,-297.0
CDB005,2022-08-11,2022-08-11 12:30:00,-298.0,0.0,-298.0
CDB005,2022-08-11,2022-08-11 12:45:00,-176.0,0.0,-176.0
CDB005,2022-08-11,2022-08-11 13:00:00,-299.0,0.0,-299.0
CDB005,2022-08-11,2022-08-11 13:15:00,-277.0,0.0,-277.0
CDB005,2022-08-11,2022-08-11 13:30:00,-317.0,0.0,-317.0
CDB005,2022-08-11,2022-08-11 13:45:00,-306.0,0.0,-306.0
CDB005,2022-08-11,2022-08-11 14:00:00,-561.0,0.0,-561.0
CDB005,2022-08-11,2022-08-11 14:15:00,-1207.0,0.0,-1207.0
CDB005,2022-08-11,2022-08-11 14:30:00,-1327.0,0.0,-1327.0
CDB005,2022-08-11,2022-08-11 14:45:00,-1242.0,0.0,-1242.0
CDB005,2022-08-11,2022-08-11 15:00:00,-1158.0,0.0,-1158.0
CDB005,2022-08-11,2022-08-11 15:15:00,-361.0,0.0,-361.0
CDB005,2022-08-11,2022-08-11 15:30:00,-949.0,0.0,-949.0
CDB005,2022-08-11,2022-08-11 15:45:00,-1273.0,0.0,-1273.0
CDB005,2022-08-11,2022-08-11 16:00:00,-1251.0,0.0,-1251.0
CDB005,2022-08-11,2022-08-11 16:15:00,-1198.0,0.0,-1198.0
CDB005,2022-08-11,2022-08-11 16:30:00,-1288.0,0.0,-1288.0
CDB005,2022-08-11,2022-08-11 16:45:00,-1270.0,0.0,-1270.0
CDB005,2022-08-11,2022-08-11 17:00:00,-1278.0,0.0,-1278.0
CDB005,2022-08-11,2022-08-11 17:15:00,-1039.0,0.0,-1039.0
CDB005,2022-08-11,2022-08-11 17:30:00,393.0,0.0,393.0
CDB005,2022-08-11,2022-08-11 17:45:00,341.0,0.0,341.0
CDB005,2022-08-11,2022-08-11 18:00:00,350.0,0.0,350.0
CDB005,2022-08-11,2022-08-11 18:15:00,360.0,0.0,360.0
CDB005,2022-08-11,2022-08-11 18:30:00,-119.0,0.0,-119.0
CDB005,2022-08-11,2022-08-11 18:45:00,380.0,0.0,380.0
CDB005,2022-08-11,2022-08-11 19:00:00,235.0,0.0,235.0
CDB005,2022-08-11,2022-08-11 19:15:00,234.0,0.0,234.0
CDB005,2022-08-11,2022-08-11 19:30:00,888.0,0.0,888.0
CDB005,2022-08-11,2022-08-11 19:45:00,414.0,0.0,414.0
CDB005,2022-08-11,2022-08-11 20:00:00,453.0,0.0,453.0
CDB005,2022-08-11,2022-08-11 20:15:00,440.0,0.0,440.0
CDB005,2022-08-11,2022-08-11 20:30:00,951.0,0.0,951.0
CDB005,2022-08-11,2022-08-11 20:45:00,465.0,0.0,465.0
CDB005,2022-08-11,2022-08-11 21:00:00,368.0,0.0,368.0
CDB005,2022-08-11,2022-08-11 21:15:00,384.0,0.0,384.0
CDB005,2022-08-11,2022-08-11 21:30:00,490.0,0.0,490.0
CDB005,2022-08-11,2022-08-11 21:45:00,438.0,0.0,438.0
CDB005,2022-08-11,2022-08-11 22:00:00,386.0,0.0,386.0
CDB005,2022-08-11,2022-08-11 22:15:00,370.0,0.0,370.0
CDB005,2022-08-11,2022-08-11 22:30:00,384.0,0.0,384.0
CDB005,2022-08-11,2022-08-11 22:45:00,399.0,0.0,399.0
CDB005,2022-08-11,2022-08-11 23:00:00,380.0,0.0,380.0
CDB005,2022-08-11,2022-08-11 23:15:00,368.0,0.0,368.0
CDB005,2022-08-11,2022-08-11 23:30:00,404.0,0.0,404.0
CDB005,2022-08-11,2022-08-11 23:45:00,370.0,0.0,370.0
CDB005,2022-08-12,2022-08-12 00:00:00,378.0,0.0,378.0
CDB005,2022-08-12,2022-08-12 00:15:00,361.0,0.0,361.0
CDB005,2022-08-12,2022-08-12 00:30:00,399.0,0.0,399.0
CDB005,2022-08-12,2022-08-12 00:45:00,371.0,0.0,371.0
CDB005,2022-08-12,2022-08-12 01:00:00,371.0,0.0,371.0
CDB005,2022-08-12,2022-08-12 01:15:00,394.0,0.0,394.0
CDB005,2022-08-12,2022-08-12 01:30:00,376.0,0.0,376.0
CDB005,2022-08-12,2022-08-12 01:45:00,370.0,0.0,370.0
CDB005,2022-08-12,2022-08-12 02:00:00,350.0,0.0,350.0
CDB005,2022-08-12,2022-08-12 02:15:00,401.0,0.0,401.0
CDB005,2022-08-12,2022-08-12 02:30:00,363.0,0.0,363.0
CDB005,2022-08-12,2022-08-12 02:45:00,377.0,0.0,377.0
CDB005,2022-08-12,2022-08-12 03:00:00,373.0,0.0,373.0
CDB005,2022-08-12,2022-08-12 03:15:00,393.0,0.0,393.0
CDB005,2022-08-12,2022-08-12 03:30:00,364.0,0.0,364.0
CDB005,2022-08-12,2022-08-12 03:45:00,376.0,0.0,376.0
CDB005,2022-08-12,2022-08-12 04:00:00,393.0,0.0,393.0
CDB005,2022-08-12,2022-08-12 04:15:00,373.0,0.0,373.0
CDB005,2022-08-12,2022-08-12 04:30:00,367.0,0.0,367.0
CDB005,2022-08-12,2022-08-12 04:45:00,373.0,0.0,373.0
CDB005,2022-08-12,2022-08-12 05:00:00,395.0,0.0,395.0
CDB005,2022-08-12,2022-08-12 05:15:00,295.0,0.0,295.0
CDB005,2022-08-12,2022-08-12 05:30:00,369.0,0.0,369.0
CDB005,2022-08-12,2022-08-12 05:45:00,383.0,0.0,383.0
CDB005,2022-08-12,2022-08-12 06:00:00,375.0,0.0,375.0
CDB005,2022-08-12,2022-08-12 06:15:00,265.0,0.0,265.0
CDB005,2022-08-12,2022-08-12 06:30:00,426.0,0.0,426.0
CDB005,2022-08-12,2022-08-12 06:45:00,358.0,0.0,358.0
CDB005,2022-08-12,2022-08-12 07:00:00,354.0,0.0,354.0
CDB005,2022-08-12,2022-08-12 07:15:00,341.0,0.0,341.0
CDB005,2022-08-12,2022-08-12 07:30:00,350.0,0.0,350.0
CDB005,2022-08-12,2022-08-12 07:45:00,1434.0,0.0,1434.0
CDB005,2022-08-12,2022-08-12 08:00:00,453.0,0.0,453.0
CDB005,2022-08-12,2022-08-12 08:15:00,874.0,0.0,874.0
