ip,day,ts,active,apparent,cos_phi,reactive,tension1_2,tension2_3,tension3_1
192.168.0.4,2022-10-04,2022-10-04 18:00:00+02:00,170680.0,172280.0,-0.9938,-11320.0,236.28,235.98,236.61
192.168.0.4,2022-10-04,2022-10-04 19:00:00+02:00,168500.0,169756.0,-0.9929,-11256.0,235.921,235.768,236.07
192.168.0.4,2022-10-04,2022-10-04 20:00:00+02:00,156869.0,158697.0,-0.9894,-15771.0,237.1186,237.0871,237.4014
192.168.0.4,2022-10-05,2022-10-05 10:00:00+02:00,104889.0,107396.0,-0.9803,-13729.0,236.6189,236.3289,236.3022
192.168.0.4,2022-10-05,2022-10-05 11:00:00+02:00,89387.0,91620.0,-0.9755,-13467.0,237.0967,236.75,236.9817
192.168.0.4,2022-10-05,2022-10-05 12:00:00+02:00,65476.0,67698.0,-0.9438,-13120.0,238.6267,238.4411,238.75
192.168.0.4,2022-10-05,2022-10-05 13:00:00+02:00,65880.0,70537.0,-0.9454,-13223.0,238.8171,238.6314,238.9328
192.168.0.4,2022-10-05,2022-10-05 14:00:00+02:00,56735.0,60545.0,-0.9239,-13015.0,239.0791,238.8409,239.0218
192.168.0.4,2022-10-05,2022-10-05 15:00:00+02:00,67700.0,71547.0,-0.9591,-13600.0,239.4233,239.18,239.3317
192.168.0.4,2022-10-05,2022-10-05 16:00:00+02:00,91713.0,95093.0,-0.9712,-15860.0,239.2633,238.8417,239.2883
192.168.0.4,2022-10-05,2022-10-05 17:00:00+02:00,111915.0,113055.0,-0.9809,-14420.0,238.565,238.1437,238.5325
192.168.0.4,2022-10-05,2022-10-05 18:00:00+02:00,147988.0,148292.0,-0.9898,-10468.0,237.481,237.294,237.533
192.168.0.4,2022-10-05,2022-10-05 19:00:00+02:00,158613.0,160333.0,-0.9905,-13089.0,236.7356,236.31,236.8456
192.168.0.4,2022-10-05,2022-10-05 20:00:00+02:00,145648.0,148568.0,-0.9881,-15348.0,238.228,237.82,238.278
192.168.0.4,2022-10-05,2022-10-05 21:00:00+02:00,126940.0,128788.0,-0.9845,-15160.0,237.827,237.551,237.902
192.168.0.4,2022-10-05,2022-10-05 22:00:00+02:00,117860.0,121164.0,-0.9832,-15216.0,237.378,237.096,237.406
192.168.0.4,2022-10-05,2022-10-05 23:00:00+02:00,95444.0,97968.0,-0.9786,-14160.0,237.786,237.51,237.808
192.168.0.4,2022-10-06,2022-10-06 00:00:00+02:00,75820.0,78328.0,-0.9681,-13964.0,237.817,237.459,237.633
192.168.0.4,2022-10-06,2022-10-06 01:00:00+02:00,69165.0,71755.0,-0.9657,-13435.0,238.3237,238.0725,238.0937
192.168.0.4,2022-10-06,2022-10-06 02:00:00+02:00,60420.0,63630.0,-0.9501,-14860.0,239.0387,238.76,238.8925
192.168.0.4,2022-10-06,2022-10-06 03:00:00+02:00,53400.0,57470.0,-0.9352,-15340.0,239.17,238.8737,238.9387
192.168.0.4,2022-10-06,2022-10-06 04:00:00+02:00,55440.0,58930.0,-0.9401,-15630.0,239.8325,239.5412,239.49
192.168.0.4,2022-10-06,2022-10-06 05:00:00+02:00,60105.0,63205.0,-0.9526,-13950.0,238.5925,238.2625,238.34
192.168.0.4,2022-10-06,2022-10-06 06:00:00+02:00,79727.0,81027.0,-0.9685,-14733.0,238.46,238.105,238.045
192.168.0.4,2022-10-06,2022-10-06 07:00:00+02:00,101204.0,102748.0,-0.9796,-14288.0,236.95,236.679,236.881
192.168.0.4,2022-10-06,2022-10-06 08:00:00+02:00,107072.0,109184.0,-0.9826,-11696.0,236.568,236.3,236.323
192.168.0.4,2022-10-06,2022-10-06 09:00:00+02:00,102276.0,104476.0,-0.9799,-11582.0,237.4433,237.2567,237.26
192.168.0.4,2022-10-06,2022-10-06 10:00:00+02:00,87880.0,90276.0,-0.9735,-12380.0,238.737,238.491,238.518
192.168.0.4,2022-10-06,2022-10-06 11:00:00+02:00,63784.0,67544.0,-0.9464,-12536.0,238.413,238.214,238.149
192.168.0.4,2022-10-06,2022-10-06 12:00:00+02:00,61490.0,64960.0,-0.9462,-11975.0,238.2862,238.11,238.3412
192.168.0.4,2022-10-06,2022-10-06 13:00:00+02:00,40800.0,45570.0,-0.8939,-11910.0,238.815,238.5687,238.7375
192.168.0.4,2022-10-06,2022-10-06 14:00:00+02:00,24749.0,32103.0,-0.7429,-13863.0,239.2071,238.9586,238.9357
192.168.0.4,2022-10-06,2022-10-06 15:00:00+02:00,26413.0,33693.0,-0.7603,-13853.0,239.2117,239.0217,239.2567
192.168.0.4,2022-10-06,2022-10-06 16:00:00+02:00,60769.0,63987.0,-0.9299,-13333.0,238.6478,238.5044,238.7156
192.168.0.4,2022-10-06,2022-10-06 17:00:00+02:00,60200.0,65000.0,-0.9271,-16297.0,239.0057,238.76,238.8986
192.168.0.4,2022-10-06,2022-10-06 18:00:00+02:00,121782.0,123342.0,-0.985,-13991.0,237.0678,236.7944,237.1111
192.168.0.4,2022-10-06,2022-10-06 19:00:00+02:00,152872.0,154156.0,-0.9908,-13132.0,235.964,235.649,235.869
192.168.0.4,2022-10-06,2022-10-06 20:00:00+02:00,140452.0,142312.0,-0.9886,-13796.0,237.408,237.286,237.302
192.168.0.4,2022-10-06,2022-10-06 21:00:00+02:00,113724.0,116140.0,-0.9812,-15780.0,238.135,237.989,238.154
192.168.0.4,2022-10-06,2022-10-06 22:00:00+02:00,109787.0,112436.0,-0.9762,-16258.0,237.9289,237.7278,237.9056
192.168.0.4,2022-10-06,2022-10-06 23:00:00+02:00,95676.0,98862.0,-0.9721,-14369.0,237.1311,236.68,236.9833
192.168.0.4,2022-10-07,2022-10-07 00:00:00+02:00,78168.0,81924.0,-0.9596,-14800.0,238.848,238.556,238.587
192.168.0.4,2022-10-07,2022-10-07 01:00:00+02:00,66488.0,69168.0,-0.9554,-13740.0,240.326,240.164,240.237
192.168.0.4,2022-10-07,2022-10-07 02:00:00+02:00,56436.0,59816.0,-0.9405,-15392.0,240.889,240.579,240.519
192.168.0.4,2022-10-07,2022-10-07 03:00:00+02:00,54764.0,58044.0,-0.9385,-14356.0,240.6822,240.5367,240.5489
192.168.0.4,2022-10-07,2022-10-07 04:00:00+02:00,53823.0,57240.0,-0.938,-14914.0,240.3657,240.1257,240.1871
192.168.0.4,2022-10-07,2022-10-07 05:00:00+02:00,54636.0,58356.0,-0.9375,-15036.0,240.1,239.8355,239.8989
192.168.0.4,2022-10-07,2022-10-07 06:00:00+02:00,74978.0,77440.0,-0.9676,-13258.0,238.4067,238.2089,238.3344
192.168.0.4,2022-10-07,2022-10-07 07:00:00+02:00,108293.0,110582.0,-0.9835,-11453.0,237.5956,237.5433,237.79
192.168.0.4,2022-10-07,2022-10-07 08:00:00+02:00,110084.0,111060.0,-0.9861,-11128.0,237.079,237.07,237.309
192.168.0.4,2022-10-07,2022-10-07 09:00:00+02:00,107764.0,110049.0,-0.9829,-13613.0,238.1322,237.7211,238.0833
192.168.0.4,2022-10-07,2022-10-07 10:00:00+02:00,86744.0,89064.0,-0.9721,-12016.0,240.08,239.716,239.781
192.168.0.4,2022-10-07,2022-10-07 11:00:00+02:00,64308.0,67856.0,-0.9458,-13908.0,240.529,240.303,240.224
192.168.0.4,2022-10-07,2022-10-07 12:00:00+02:00,48796.0,53849.0,-0.9141,-14636.0,237.1467,236.9444,236.9089
192.168.0.4,2022-10-07,2022-10-07 13:00:00+02:00,43227.0,46960.0,-0.9097,-13093.0,238.5867,238.2217,238.4417
192.168.0.4,2022-10-07,2022-10-07 14:00:00+02:00,29747.0,36787.0,-0.7972,-14262.0,238.5956,238.3422,238.3978
192.168.0.4,2022-10-07,2022-10-07 15:00:00+02:00,30156.0,38076.0,-0.8091,-16596.0,238.8711,238.61,238.87
192.168.0.4,2022-10-07,2022-10-07 16:00:00+02:00,48236.0,53188.0,-0.8927,-16636.0,238.369,238.14,238.4
192.168.0.4,2022-10-07,2022-10-07 17:00:00+02:00,78108.0,81824.0,-0.9556,-15256.0,237.483,237.475,237.646
192.168.0.4,2022-10-07,2022-10-07 18:00:00+02:00,122680.0,122608.0,-0.9838,-14100.0,237.036,236.896,237.202
192.168.0.4,2022-10-07,2022-10-07 19:00:00+02:00,148964.0,150984.0,-0.9908,-12992.0,236.287,236.196,236.425
192.168.0.4,2022-10-07,2022-10-07 20:00:00+02:00,138128.0,139516.0,-0.9862,-14600.0,237.532,237.485,237.706
192.168.0.4,2022-10-07,2022-10-07 21:00:00+02:00,115108.0,116984.0,-0.9825,-15760.0,239.511,239.192,239.421
192.168.0.4,2022-10-07,2022-10-07 22:00:00+02:00,111324.0,114062.0,-0.9803,-15831.0,237.7833,237.3356,237.4611
192.168.0.4,2022-10-07,2022-10-07 23:00:00+02:00,101120.0,102951.0,-0.9792,-15409.0,238.5756,238.1722,238.3422
192.168.0.4,2022-10-08,2022-10-08 00:00:00+02:00,81773.0,83920.0,-0.9691,-15258.0,239.73,239.2022,239.3289
192.168.0.4,2022-10-08,2022-10-08 01:00:00+02:00,67627.0,70662.0,-0.9584,-14862.0,240.8278,240.4367,240.4622
192.168.0.4,2022-10-08,2022-10-08 02:00:00+02:00,60834.0,63920.0,-0.9545,-14034.0,240.37,239.9429,240.0771
192.168.0.4,2022-10-08,2022-10-08 03:00:00+02:00,57850.0,61380.0,-0.945,-15125.0,240.7012,240.4862,240.4475
192.168.0.4,2022-10-08,2022-10-08 04:00:00+02:00,55632.0,59084.0,-0.9403,-14916.0,241.563,241.148,241.257
192.168.0.4,2022-10-08,2022-10-08 05:00:00+02:00,58844.0,61622.0,-0.9529,-13387.0,240.6589,240.4167,240.38
192.168.0.4,2022-10-08,2022-10-08 06:00:00+02:00,60048.0,63108.0,-0.9506,-13752.0,239.563,239.205,239.27
192.168.0.4,2022-10-08,2022-10-08 07:00:00+02:00,70664.0,73352.0,-0.958,-13836.0,238.43,238.058,238.239
192.168.0.4,2022-10-08,2022-10-08 08:00:00+02:00,94196.0,95944.0,-0.979,-10332.0,237.769,237.371,237.505
192.168.0.4,2022-10-08,2022-10-08 09:00:00+02:00,102992.0,105332.0,-0.9826,-11280.0,237.095,236.823,236.859
192.168.0.4,2022-10-08,2022-10-08 10:00:00+02:00,94324.0,97860.0,-0.9797,-10248.0,237.309,236.764,236.808
192.168.0.4,2022-10-08,2022-10-08 11:00:00+02:00,79360.0,81956.0,-0.973,-8373.0,236.9578,236.8511,236.8311
192.168.0.4,2022-10-08,2022-10-08 12:00:00+02:00,84564.0,87156.0,-0.961,-7791.0,236.4378,236.6122,236.7244
192.168.0.4,2022-10-08,2022-10-08 13:00:00+02:00,92800.0,94404.0,-0.9779,-5772.0,237.029,236.945,236.927
192.168.0.4,2022-10-08,2022-10-08 14:00:00+02:00,77408.0,80432.0,-0.9604,-6644.0,237.762,237.675,237.714
192.168.0.4,2022-10-08,2022-10-08 15:00:00+02:00,66808.0,70228.0,-0.9428,-8900.0,238.334,238.031,238.128
192.168.0.4,2022-10-08,2022-10-08 16:00:00+02:00,70096.0,73600.0,-0.951,-11388.0,238.968,238.787,238.595
192.168.0.4,2022-10-08,2022-10-08 17:00:00+02:00,74456.0,78212.0,-0.9574,-13144.0,237.741,237.54,237.584
192.168.0.4,2022-10-08,2022-10-08 18:00:00+02:00,119184.0,121112.0,-0.9849,-11416.0,236.652,236.425,236.646
192.168.0.4,2022-10-08,2022-10-08 19:00:00+02:00,173488.0,174812.0,-0.9934,-12304.0,236.067,235.772,235.956
192.168.0.4,2022-10-08,2022-10-08 20:00:00+02:00,157340.0,157276.0,-0.9923,-12656.0,237.369,237.098,237.194
192.168.0.4,2022-10-08,2022-10-08 21:00:00+02:00,131072.0,131680.0,-0.9891,-11480.0,237.561,237.175,237.177
192.168.0.4,2022-10-08,2022-10-08 22:00:00+02:00,112844.0,114624.0,-0.9831,-14404.0,238.721,238.407,238.356
192.168.0.4,2022-10-08,2022-10-08 23:00:00+02:00,97044.0,99022.0,-0.9768,-14920.0,239.33,239.1378,239.2111
192.168.0.4,2022-10-09,2022-10-09 00:00:00+02:00,80951.0,84062.0,-0.9684,-14569.0,241.2178,240.8378,240.7522
192.168.0.4,2022-10-09,2022-10-09 01:00:00+02:00,65931.0,70171.0,-0.9546,-14663.0,240.58,240.1657,240.0986
192.168.0.4,2022-10-09,2022-10-09 02:00:00+02:00,62120.0,65025.0,-0.9516,-14530.0,240.7075,240.36,240.4462
192.168.0.4,2022-10-09,2022-10-09 03:00:00+02:00,60385.0,63855.0,-0.9479,-14475.0,241.3737,240.8687,240.9975
192.168.0.4,2022-10-09,2022-10-09 04:00:00+02:00,60062.0,62987.0,-0.9519,-12964.0,241.6089,241.2356,241.3244
192.168.0.4,2022-10-09,2022-10-09 05:00:00+02:00,57368.0,60488.0,-0.9476,-14076.0,241.03,240.706,240.731
192.168.0.4,2022-10-09,2022-10-09 06:00:00+02:00,62150.0,65305.0,-0.951,-14185.0,240.3475,240.02,240.1687
192.168.0.4,2022-10-09,2022-10-09 07:00:00+02:00,69650.0,72270.0,-0.9652,-12345.0,239.97,239.6937,239.9137
192.168.0.4,2022-10-09,2022-10-09 08:00:00+02:00,92013.0,94142.0,-0.9796,-11747.0,239.4811,239.1544,239.1967
192.168.0.4,2022-10-09,2022-10-09 09:00:00+02:00,100107.0,102569.0,-0.9775,-11240.0,239.6189,239.4833,239.3755
192.168.0.4,2022-10-09,2022-10-09 10:00:00+02:00,103280.0,104413.0,-0.9811,-8827.0,238.8111,238.7944,238.5611
192.168.0.4,2022-10-09,2022-10-09 11:00:00+02:00,93840.0,95556.0,-0.979,-8818.0,238.9155,238.8522,238.8044
192.168.0.4,2022-10-09,2022-10-09 12:00:00+02:00,70600.0,73388.0,-0.94,-6840.0,238.377,238.744,238.37
192.168.0.4,2022-10-09,2022-10-09 13:00:00+02:00,61529.0,65609.0,-0.943,-10298.0,237.2567,237.31,237.3255
192.168.0.4,2022-10-09,2022-10-09 14:00:00+02:00,51496.0,55776.0,-0.9157,-9664.0,238.095,238.294,238.118
192.168.0.4,2022-10-09,2022-10-09 15:00:00+02:00,51380.0,54972.0,-0.9302,-8612.0,238.999,238.999,238.931
192.168.0.4,2022-10-09,2022-10-09 16:00:00+02:00,45760.0,48832.0,-0.9084,-10436.0,239.467,239.425,239.458
192.168.0.4,2022-10-09,2022-10-09 17:00:00+02:00,73064.0,75992.0,-0.9636,-10516.0,238.54,238.095,238.321
192.168.0.4,2022-10-09,2022-10-09 18:00:00+02:00,120391.0,121360.0,-0.9844,-10782.0,236.2155,235.7755,235.8289
192.168.0.4,2022-10-09,2022-10-09 19:00:00+02:00,177440.0,176844.0,-0.992,-11187.0,234.3633,233.9122,233.8511
192.168.0.4,2022-10-09,2022-10-09 20:00:00+02:00,164716.0,165902.0,-0.9913,-12969.0,235.8822,235.5033,235.33
192.168.0.4,2022-10-09,2022-10-09 21:00:00+02:00,158860.0,161165.0,-0.9905,-13650.0,237.715,237.21,237.245
192.168.0.4,2022-10-09,2022-10-09 22:00:00+02:00,131286.0,132817.0,-0.9877,-13960.0,238.8186,238.3828,238.2729
192.168.0.4,2022-10-09,2022-10-09 23:00:00+02:00,107364.0,108836.0,-0.9823,-14698.0,238.6078,238.1722,238.1533
192.168.0.4,2022-10-10,2022-10-10 00:00:00+02:00,89605.0,90825.0,-0.9752,-13930.0,239.24,238.9337,238.9875
192.168.0.4,2022-10-10,2022-10-10 01:00:00+02:00,77211.0,80200.0,-0.9662,-15377.0,239.8743,239.54,239.4257
192.168.0.4,2022-10-10,2022-10-10 02:00:00+02:00,73816.0,75160.0,-0.9597,-15456.0,240.338,239.976,239.98
192.168.0.4,2022-10-10,2022-10-10 03:00:00+02:00,61560.0,64560.0,-0.9507,-15343.0,240.5086,240.3243,240.2729
192.168.0.4,2022-10-10,2022-10-10 04:00:00+02:00,61187.0,64413.0,-0.9507,-14258.0,240.31,240.1178,240.1011
192.168.0.4,2022-10-10,2022-10-10 05:00:00+02:00,62415.0,65315.0,-0.9546,-14265.0,240.0937,239.7675,239.8362
192.168.0.4,2022-10-10,2022-10-10 06:00:00+02:00,79112.0,81780.0,-0.9731,-12940.0,237.425,237.239,237.34
192.168.0.4,2022-10-10,2022-10-10 07:00:00+02:00,107267.0,109182.0,-0.9838,-13067.0,236.3622,236.1667,236.1211
192.168.0.4,2022-10-10,2022-10-10 08:00:00+02:00,108738.0,109836.0,-0.9868,-9711.0,236.5133,236.4589,236.4178
192.168.0.4,2022-10-10,2022-10-10 09:00:00+02:00,101128.0,102688.0,-0.9822,-11592.0,234.956,234.754,234.729
192.168.0.4,2022-10-10,2022-10-10 10:00:00+02:00,92175.0,95160.0,-0.973,-12265.0,235.7625,235.7262,235.6587
192.168.0.4,2022-10-10,2022-10-10 11:00:00+02:00,80216.0,82320.0,-0.9666,-13612.0,236.549,236.339,236.186
192.168.0.4,2022-10-10,2022-10-10 12:00:00+02:00,65587.0,68476.0,-0.9592,-11969.0,237.8822,237.6567,237.6622
192.168.0.4,2022-10-10,2022-10-10 13:00:00+02:00,89140.0,92260.0,-0.9758,-13788.0,236.059,235.708,235.643
192.168.0.4,2022-10-10,2022-10-10 14:00:00+02:00,82704.0,85200.0,-0.9703,-13320.0,238.045,237.806,237.602
192.168.0.4,2022-10-10,2022-10-10 15:00:00+02:00,47832.0,53336.0,-0.8901,-15024.0,240.055,239.78,239.73
192.168.0.4,2022-10-10,2022-10-10 16:00:00+02:00,81450.0,85785.0,-0.9595,-15535.0,239.065,238.905,238.865
192.168.0.4,2022-10-10,2022-10-10 17:00:00+02:00,121707.0,123316.0,-0.9834,-16213.0,238.1433,237.8533,238.0644
192.168.0.4,2022-10-10,2022-10-10 18:00:00+02:00,167372.0,168756.0,-0.9922,-11120.0,236.895,236.69,236.934
192.168.0.4,2022-10-10,2022-10-10 19:00:00+02:00,186188.0,185960.0,-0.9941,-12752.0,236.252,236.042,236.349
192.168.0.4,2022-10-10,2022-10-10 20:00:00+02:00,152800.0,155360.0,-0.9905,-14084.0,237.1911,237.0,237.0011
192.168.0.4,2022-10-10,2022-10-10 21:00:00+02:00,136911.0,137747.0,-0.9883,-15444.0,237.0978,236.8567,236.9833
192.168.0.4,2022-10-10,2022-10-10 22:00:00+02:00,124302.0,125418.0,-0.9855,-15227.0,238.5233,238.2589,238.3856
192.168.0.4,2022-10-10,2022-10-10 23:00:00+02:00,98529.0,100444.0,-0.978,-14484.0,239.91,239.72,239.7144
192.168.0.4,2022-10-11,2022-10-11 00:00:00+02:00,82835.0,84820.0,-0.9722,-13650.0,239.935,239.7012,239.6375
192.168.0.4,2022-10-11,2022-10-11 01:00:00+02:00,67355.0,69935.0,-0.956,-14975.0,239.4512,239.1837,239.2275
192.168.0.4,2022-10-11,2022-10-11 02:00:00+02:00,62588.0,65372.0,-0.9492,-15572.0,239.77,239.506,239.521
192.168.0.4,2022-10-11,2022-10-11 03:00:00+02:00,59320.0,62587.0,-0.9443,-15511.0,239.7267,239.4356,239.5044
192.168.0.4,2022-10-11,2022-10-11 04:00:00+02:00,60730.0,63440.0,-0.9477,-15180.0,239.6262,239.3187,239.485
192.168.0.4,2022-10-11,2022-10-11 05:00:00+02:00,63276.0,65896.0,-0.9546,-14464.0,238.64,238.399,238.552
192.168.0.4,2022-10-11,2022-10-11 06:00:00+02:00,76995.0,79075.0,-0.9717,-14045.0,236.6662,236.4775,236.5562
192.168.0.4,2022-10-11,2022-10-11 07:00:00+02:00,110524.0,111844.0,-0.9862,-12844.0,235.1544,234.9733,235.1867
192.168.0.4,2022-10-11,2022-10-11 08:00:00+02:00,123891.0,124497.0,-0.9899,-10354.0,234.8829,234.8528,234.8943
192.168.0.4,2022-10-11,2022-10-11 09:00:00+02:00,105744.0,105996.0,-0.9833,-11856.0,235.318,235.157,235.24
192.168.0.4,2022-10-11,2022-10-11 10:00:00+02:00,96064.0,98652.0,-0.9765,-12464.0,236.313,236.382,236.354
192.168.0.4,2022-10-11,2022-10-11 11:00:00+02:00,78596.0,81648.0,-0.969,-12628.0,237.177,237.121,237.232
192.168.0.4,2022-10-11,2022-10-11 12:00:00+02:00,60827.0,62849.0,-0.9401,-14938.0,237.4878,237.39,237.5711
192.168.0.4,2022-10-11,2022-10-11 13:00:00+02:00,63920.0,67905.0,-0.9478,-14240.0,237.8175,237.7512,237.9175
192.168.0.4,2022-10-11,2022-10-11 14:00:00+02:00,48712.0,52468.0,-0.9267,-14148.0,237.574,237.482,237.82
192.168.0.4,2022-10-11,2022-10-11 15:00:00+02:00,35871.0,42280.0,-0.8618,-14164.0,236.8667,236.8144,236.85
192.168.0.4,2022-10-11,2022-10-11 16:00:00+02:00,44851.0,48977.0,-0.904,-14354.0,236.6857,236.5671,236.8957
192.168.0.4,2022-10-11,2022-10-11 17:00:00+02:00,69980.0,72135.0,-0.9483,-15760.0,236.1225,235.8187,236.0487
192.168.0.4,2022-10-11,2022-10-11 18:00:00+02:00,120955.0,122940.0,-0.9806,-16595.0,235.4075,235.1762,235.5112
192.168.0.4,2022-10-11,2022-10-11 19:00:00+02:00,178948.0,180080.0,-0.9935,-12580.0,235.512,234.989,235.433
192.168.0.4,2022-10-11,2022-10-11 20:00:00+02:00,162256.0,163084.0,-0.9912,-14104.0,237.251,236.781,237.086
192.168.0.4,2022-10-11,2022-10-11 21:00:00+02:00,142688.0,144216.0,-0.9891,-14688.0,237.467,237.309,237.46
192.168.0.4,2022-10-11,2022-10-11 22:00:00+02:00,135804.0,136420.0,-0.987,-15464.0,238.305,238.171,238.314
192.168.0.4,2022-10-11,2022-10-11 23:00:00+02:00,112028.0,114300.0,-0.982,-15256.0,239.149,239.069,239.128
192.168.0.4,2022-10-12,2022-10-12 00:00:00+02:00,87996.0,91152.0,-0.9695,-15320.0,238.566,238.215,238.268
192.168.0.4,2022-10-12,2022-10-12 01:00:00+02:00,70111.0,73356.0,-0.96,-15231.0,237.1455,237.0722,237.1956
192.168.0.4,2022-10-12,2022-10-12 02:00:00+02:00,59892.0,64248.0,-0.9425,-15552.0,238.63,238.56,238.603
192.168.0.4,2022-10-12,2022-10-12 03:00:00+02:00,56844.0,60124.0,-0.9408,-15538.0,238.7567,238.64,238.8133
192.168.0.4,2022-10-12,2022-10-12 04:00:00+02:00,58120.0,61822.0,-0.9422,-15556.0,238.2578,238.2256,238.3111
192.168.0.4,2022-10-12,2022-10-12 05:00:00+02:00,60148.0,63304.0,-0.951,-15164.0,237.887,237.712,237.957
192.168.0.4,2022-10-12,2022-10-12 06:00:00+02:00,81412.0,83152.0,-0.9726,-14008.0,236.411,236.12,236.335
192.168.0.4,2022-10-12,2022-10-12 07:00:00+02:00,105404.0,107612.0,-0.9847,-13108.0,235.545,235.234,235.653
192.168.0.4,2022-10-12,2022-10-12 08:00:00+02:00,122747.0,124809.0,-0.9894,-11080.0,235.8533,235.65,235.8478
192.168.0.4,2022-10-12,2022-10-12 09:00:00+02:00,127044.0,128267.0,-0.9869,-10471.0,236.4256,236.5233,236.54
192.168.0.4,2022-10-12,2022-10-12 10:00:00+02:00,107994.0,109560.0,-0.978,-12149.0,238.2543,238.2371,238.2843
192.168.0.4,2022-10-12,2022-10-12 11:00:00+02:00,85450.0,86985.0,-0.97,-12790.0,239.3562,239.3575,239.51
192.168.0.4,2022-10-12,2022-10-12 12:00:00+02:00,68773.0,72600.0,-0.9512,-13380.0,239.275,239.4433,239.5333
192.168.0.4,2022-10-12,2022-10-12 13:00:00+02:00,73589.0,78669.0,-0.9512,-12846.0,238.7057,238.9428,238.8129
192.168.0.4,2022-10-12,2022-10-12 14:00:00+02:00,60591.0,63951.0,-0.9306,-14751.0,238.3989,238.3933,238.4544
192.168.0.4,2022-10-12,2022-10-12 15:00:00+02:00,57047.0,59693.0,-0.9231,-13853.0,238.1467,237.9667,238.125
192.168.0.4,2022-10-12,2022-10-12 16:00:00+02:00,81160.0,83632.0,-0.9692,-14928.0,236.822,236.566,236.776
192.168.0.4,2022-10-12,2022-10-12 17:00:00+02:00,93778.0,95929.0,-0.9735,-14240.0,236.01,235.9155,236.17
192.168.0.4,2022-10-12,2022-10-12 18:00:00+02:00,133013.0,133911.0,-0.9867,-12231.0,235.6611,235.5678,235.7889
192.168.0.4,2022-10-12,2022-10-12 19:00:00+02:00,160929.0,160831.0,-0.9918,-11711.0,234.6656,234.4544,234.7111
192.168.0.4,2022-10-12,2022-10-12 20:00:00+02:00,142556.0,143769.0,-0.9897,-13573.0,236.4955,236.05,236.2833
192.168.0.4,2022-10-12,2022-10-12 21:00:00+02:00,129084.0,130328.0,-0.9834,-15524.0,237.245,237.085,237.336
192.168.0.4,2022-10-12,2022-10-12 22:00:00+02:00,110700.0,112356.0,-0.981,-15100.0,238.615,238.41,238.613
192.168.0.4,2022-10-12,2022-10-12 23:00:00+02:00,103468.0,104832.0,-0.9818,-13868.0,239.724,239.467,239.669
192.168.0.4,2022-10-13,2022-10-13 00:00:00+02:00,85129.0,87596.0,-0.973,-14547.0,240.0644,239.78,240.0711
192.168.0.4,2022-10-13,2022-10-13 01:00:00+02:00,64860.0,67430.0,-0.9559,-13640.0,239.555,239.5775,239.7025
192.168.0.4,2022-10-13,2022-10-13 02:00:00+02:00,63780.0,66340.0,-0.9541,-14220.0,239.6775,239.605,239.8225
192.168.0.4,2022-10-13,2022-10-13 03:00:00+02:00,61740.0,64040.0,-0.9619,-11520.0,239.945,239.975,240.025
192.168.0.4,2022-10-13,2022-10-13 04:00:00+02:00,55507.0,58713.0,-0.9421,-14327.0,239.6117,239.5483,239.7683
192.168.0.4,2022-10-13,2022-10-13 05:00:00+02:00,61050.0,64040.0,-0.9518,-14250.0,239.185,239.1825,239.3275
192.168.0.4,2022-10-13,2022-10-13 06:00:00+02:00,68750.0,71030.0,-0.968,-11750.0,237.845,237.8125,237.965
192.168.0.4,2022-10-13,2022-10-13 07:00:00+02:00,108140.0,110600.0,-0.985,-11025.0,235.9937,236.035,236.2937
192.168.0.4,2022-10-13,2022-10-13 08:00:00+02:00,117212.0,117920.0,-0.9891,-11268.0,236.167,235.87,236.185
192.168.0.4,2022-10-13,2022-10-13 09:00:00+02:00,118749.0,119594.0,-0.9874,-11509.0,235.3129,235.0457,235.2414
192.168.0.4,2022-10-13,2022-10-13 10:00:00+02:00,102542.0,104444.0,-0.9803,-12991.0,235.6522,235.4456,235.46
192.168.0.4,2022-10-13,2022-10-13 11:00:00+02:00,97533.0,99733.0,-0.9819,-10031.0,234.9344,234.7311,234.8444
192.168.0.4,2022-10-13,2022-10-13 12:00:00+02:00,96293.0,98420.0,-0.9788,-13507.0,235.305,235.0617,235.1817
192.168.0.4,2022-10-13,2022-10-13 13:00:00+02:00,95084.0,97329.0,-0.9741,-14169.0,236.5867,236.3133,236.4022
192.168.0.4,2022-10-13,2022-10-13 14:00:00+02:00,76578.0,79249.0,-0.9598,-15538.0,237.6355,237.2422,237.5289
192.168.0.4,2022-10-13,2022-10-13 15:00:00+02:00,104133.0,105649.0,-0.9825,-12587.0,237.6578,237.3089,237.7689
192.168.0.4,2022-10-13,2022-10-13 16:00:00+02:00,104156.0,106196.0,-0.9788,-13538.0,237.7433,237.4622,237.84
192.168.0.4,2022-10-13,2022-10-13 17:00:00+02:00,113107.0,115596.0,-0.9795,-14191.0,236.8544,236.5055,237.0455
192.168.0.4,2022-10-13,2022-10-13 18:00:00+02:00,147085.0,149235.0,-0.9914,-12055.0,236.9287,236.4562,236.76
192.168.0.4,2022-10-13,2022-10-13 19:00:00+02:00,173644.0,174452.0,-0.9931,-12716.0,236.468,236.095,236.47
192.168.0.4,2022-10-13,2022-10-13 20:00:00+02:00,145404.0,146148.0,-0.9903,-13888.0,236.35,236.02,236.097
192.168.0.4,2022-10-13,2022-10-13 21:00:00+02:00,137772.0,139564.0,-0.9885,-14264.0,236.854,236.511,236.705
192.168.0.4,2022-10-13,2022-10-13 22:00:00+02:00,132204.0,133848.0,-0.9875,-13508.0,237.296,236.958,237.353
192.168.0.4,2022-10-13,2022-10-13 23:00:00+02:00,103620.0,106152.0,-0.9809,-12360.0,238.379,238.157,238.419
192.168.0.4,2022-10-14,2022-10-14 00:00:00+02:00,78391.0,81164.0,-0.9659,-14284.0,239.1778,239.1022,239.2667
192.168.0.4,2022-10-14,2022-10-14 01:00:00+02:00,66432.0,69468.0,-0.9576,-13148.0,239.93,239.966,240.068
192.168.0.4,2022-10-14,2022-10-14 02:00:00+02:00,59880.0,62689.0,-0.9527,-13480.0,240.2589,240.2267,240.3956
192.168.0.4,2022-10-14,2022-10-14 03:00:00+02:00,57053.0,60067.0,-0.9475,-13880.0,240.35,240.37,240.5933
192.168.0.4,2022-10-14,2022-10-14 04:00:00+02:00,57900.0,59220.0,-0.9528,-12880.0,240.14,239.99,240.32
192.168.0.4,2022-10-14,2022-10-14 05:00:00+02:00,57977.0,60389.0,-0.9464,-14354.0,239.6,239.5743,239.7429
192.168.0.4,2022-10-14,2022-10-14 06:00:00+02:00,67727.0,69900.0,-0.9612,-13413.0,237.615,237.645,237.9283
192.168.0.4,2022-10-14,2022-10-14 07:00:00+02:00,107372.0,109520.0,-0.9832,-12860.0,235.845,235.696,236.057
192.168.0.4,2022-10-14,2022-10-14 08:00:00+02:00,116216.0,117688.0,-0.9883,-10444.0,236.624,236.526,236.647
192.168.0.4,2022-10-14,2022-10-14 09:00:00+02:00,116302.0,117209.0,-0.9876,-10809.0,236.2422,236.02,236.2667
192.168.0.4,2022-10-14,2022-10-14 10:00:00+02:00,123490.0,125625.0,-0.9852,-13295.0,236.5725,236.2125,236.3212
192.168.0.4,2022-10-14,2022-10-14 11:00:00+02:00,100304.0,102944.0,-0.9811,-12548.0,237.436,237.313,237.43
192.168.0.4,2022-10-14,2022-10-14 12:00:00+02:00,104596.0,106133.0,-0.9838,-9653.0,237.7378,237.5889,237.8622
192.168.0.4,2022-10-14,2022-10-14 13:00:00+02:00,92856.0,93008.0,-0.9772,-12216.0,238.761,238.625,238.739
192.168.0.4,2022-10-14,2022-10-14 14:00:00+02:00,69312.0,72136.0,-0.9552,-13508.0,238.695,238.445,238.597
192.168.0.4,2022-10-14,2022-10-14 15:00:00+02:00,86640.0,89945.0,-0.9706,-13920.0,236.72,236.8,237.0
192.168.0.4,2022-10-14,2022-10-14 16:00:00+02:00,90388.0,94228.0,-0.9671,-17180.0,236.238,236.351,236.58
192.168.0.4,2022-10-14,2022-10-14 17:00:00+02:00,100372.0,101288.0,-0.9765,-15320.0,235.762,235.632,236.081
192.168.0.4,2022-10-14,2022-10-14 18:00:00+02:00,135512.0,138220.0,-0.9858,-13572.0,235.341,235.157,235.67
192.168.0.4,2022-10-14,2022-10-14 19:00:00+02:00,155624.0,158192.0,-0.9877,-12100.0,236.414,236.272,236.68
192.168.0.4,2022-10-14,2022-10-14 20:00:00+02:00,142324.0,143700.0,-0.9894,-13328.0,237.785,237.393,237.519
192.168.0.4,2022-10-14,2022-10-14 21:00:00+02:00,124456.0,125792.0,-0.9875,-13716.0,235.95,235.77,235.862
192.168.0.4,2022-10-14,2022-10-14 22:00:00+02:00,112507.0,115240.0,-0.9797,-16400.0,236.5289,236.4944,236.64
192.168.0.4,2022-10-14,2022-10-14 23:00:00+02:00,98540.0,100125.0,-0.9754,-15425.0,236.8175,236.8625,237.0237
192.168.0.4,2022-10-15,2022-10-15 00:00:00+02:00,79305.0,81805.0,-0.9706,-14280.0,238.03,237.8775,238.0912
192.168.0.4,2022-10-15,2022-10-15 01:00:00+02:00,72113.0,75107.0,-0.9662,-13427.0,239.0983,238.82,239.1633
192.168.0.4,2022-10-15,2022-10-15 02:00:00+02:00,64929.0,67476.0,-0.9569,-14196.0,239.8122,239.4322,239.6655
192.168.0.4,2022-10-15,2022-10-15 03:00:00+02:00,63700.0,66630.0,-0.955,-14160.0,240.035,239.685,240.02
192.168.0.4,2022-10-15,2022-10-15 04:00:00+02:00,56613.0,59160.0,-0.9479,-13933.0,238.5767,238.0233,238.2333
192.168.0.4,2022-10-15,2022-10-15 05:00:00+02:00,58700.0,61760.0,-0.9589,-13120.0,237.025,236.745,237.08
192.168.0.4,2022-10-15,2022-10-15 06:00:00+02:00,62560.0,66240.0,-0.9573,-14664.0,236.712,236.312,236.706
192.168.0.4,2022-10-15,2022-10-15 07:00:00+02:00,83864.0,85104.0,-0.9722,-13432.0,236.56,236.16,236.834
192.168.0.4,2022-10-15,2022-10-15 08:00:00+02:00,94556.0,96133.0,-0.9789,-11400.0,235.5322,235.2578,235.7556
192.168.0.4,2022-10-15,2022-10-15 09:00:00+02:00,110787.0,111533.0,-0.9862,-8956.0,236.4022,235.9844,236.4178
192.168.0.4,2022-10-15,2022-10-15 10:00:00+02:00,109292.0,111140.0,-0.982,-9840.0,237.188,236.901,237.213
192.168.0.4,2022-10-15,2022-10-15 11:00:00+02:00,102064.0,103204.0,-0.9826,-9656.0,236.698,236.403,236.84
192.168.0.4,2022-10-15,2022-10-15 12:00:00+02:00,107900.0,110160.0,-0.985,-7220.0,237.255,237.015,237.228
192.168.0.4,2022-10-15,2022-10-15 13:00:00+02:00,114836.0,116748.0,-0.9892,-6596.0,236.075,235.813,236.156
192.168.0.4,2022-10-15,2022-10-15 14:00:00+02:00,100716.0,102098.0,-0.9823,-8702.0,236.85,236.5311,236.9767
192.168.0.4,2022-10-15,2022-10-15 15:00:00+02:00,73292.0,76068.0,-0.9665,-9920.0,237.849,237.552,238.055
192.168.0.4,2022-10-15,2022-10-15 16:00:00+02:00,88240.0,90144.0,-0.976,-10960.0,236.45,236.176,236.606
192.168.0.4,2022-10-15,2022-10-15 17:00:00+02:00,94020.0,94800.0,-0.979,-11972.0,235.699,235.223,235.779
192.168.0.4,2022-10-15,2022-10-15 18:00:00+02:00,128204.0,130240.0,-0.9889,-10268.0,234.629,234.253,234.716
192.168.0.4,2022-10-15,2022-10-15 19:00:00+02:00,159696.0,161244.0,-0.9911,-11016.0,234.254,233.835,234.284
192.168.0.4,2022-10-15,2022-10-15 20:00:00+02:00,159180.0,159776.0,-0.9933,-11100.0,237.884,237.569,237.706
192.168.0.4,2022-10-15,2022-10-15 21:00:00+02:00,131452.0,133112.0,-0.9884,-13584.0,239.438,239.3,239.432
192.168.0.4,2022-10-15,2022-10-15 22:00:00+02:00,117773.0,119916.0,-0.9856,-13364.0,239.4522,239.2933,239.55
192.168.0.4,2022-10-15,2022-10-15 23:00:00+02:00,100785.0,102470.0,-0.9786,-14545.0,239.8475,239.5625,239.8237
192.168.0.4,2022-10-16,2022-10-16 00:00:00+02:00,79458.0,81556.0,-0.9675,-14787.0,239.0667,238.8544,239.1011
192.168.0.4,2022-10-16,2022-10-16 01:00:00+02:00,78556.0,80911.0,-0.9699,-13382.0,240.3878,240.17,240.3856
192.168.0.4,2022-10-16,2022-10-16 02:00:00+02:00,68627.0,72100.0,-0.9577,-14187.0,240.87,240.6483,241.04
192.168.0.4,2022-10-16,2022-10-16 03:00:00+02:00,59080.0,62053.0,-0.944,-15107.0,240.7133,240.6833,240.9933
192.168.0.4,2022-10-16,2022-10-16 04:00:00+02:00,53510.0,57130.0,-0.946,-14130.0,240.9675,240.8675,241.03
192.168.0.4,2022-10-16,2022-10-16 05:00:00+02:00,54228.0,57344.0,-0.94,-14232.0,240.94,240.96,241.11
192.168.0.4,2022-10-16,2022-10-16 06:00:00+02:00,60753.0,63780.0,-0.9514,-14473.0,240.215,240.2167,240.4917
192.168.0.4,2022-10-16,2022-10-16 07:00:00+02:00,72451.0,75200.0,-0.9594,-14457.0,239.6129,239.5771,239.9214
192.168.0.4,2022-10-16,2022-10-16 08:00:00+02:00,84136.0,86640.0,-0.9731,-11976.0,239.276,239.286,239.448
192.168.0.4,2022-10-16,2022-10-16 09:00:00+02:00,94349.0,97017.0,-0.9784,-10943.0,238.2214,238.1,238.1086
192.168.0.4,2022-10-16,2022-10-16 10:00:00+02:00,91772.0,93320.0,-0.9773,-11208.0,237.356,237.174,237.343
192.168.0.4,2022-10-16,2022-10-16 11:00:00+02:00,87512.0,89232.0,-0.9735,-11516.0,236.688,236.606,236.54
192.168.0.4,2022-10-16,2022-10-16 12:00:00+02:00,74480.0,77080.0,-0.968,-9028.0,236.003,235.866,236.021
192.168.0.4,2022-10-16,2022-10-16 13:00:00+02:00,88140.0,90424.0,-0.9704,-9904.0,236.35,236.13,236.536
192.168.0.4,2022-10-16,2022-10-16 14:00:00+02:00,86544.0,89260.0,-0.9735,-10648.0,236.382,236.115,236.45
192.168.0.4,2022-10-16,2022-10-16 15:00:00+02:00,84172.0,84920.0,-0.9771,-9580.0,236.425,235.988,236.013
192.168.0.4,2022-10-16,2022-10-16 16:00:00+02:00,96544.0,98692.0,-0.9807,-11576.0,236.59,236.224,236.354
192.168.0.4,2022-10-16,2022-10-16 17:00:00+02:00,114868.0,116596.0,-0.9822,-11456.0,236.342,236.127,236.188
192.168.0.4,2022-10-16,2022-10-16 18:00:00+02:00,163496.0,165132.0,-0.9922,-10800.0,234.69,234.347,234.625
192.168.0.4,2022-10-16,2022-10-16 19:00:00+02:00,188268.0,189504.0,-0.9943,-11452.0,234.0,233.6,233.998
192.168.0.4,2022-10-16,2022-10-16 20:00:00+02:00,164404.0,166213.0,-0.9898,-12907.0,235.6078,235.6111,235.9144
192.168.0.4,2022-10-16,2022-10-16 21:00:00+02:00,140088.0,141340.0,-0.9865,-13844.0,236.487,236.359,236.779
192.168.0.4,2022-10-16,2022-10-16 22:00:00+02:00,121613.0,122982.0,-0.9839,-14440.0,237.3878,237.0244,237.6289
192.168.0.4,2022-10-16,2022-10-16 23:00:00+02:00,98084.0,100773.0,-0.9779,-15160.0,238.6278,238.4544,238.8555
192.168.0.4,2022-10-17,2022-10-17 00:00:00+02:00,74252.0,76028.0,-0.9647,-14244.0,239.926,239.801,240.05
192.168.0.4,2022-10-17,2022-10-17 01:00:00+02:00,66849.0,69218.0,-0.9592,-12893.0,240.9067,240.7333,241.0933
192.168.0.4,2022-10-17,2022-10-17 02:00:00+02:00,58750.0,62440.0,-0.9442,-14345.0,241.7362,241.6087,241.9037
192.168.0.4,2022-10-17,2022-10-17 03:00:00+02:00,57691.0,61760.0,-0.9457,-14257.0,241.4529,241.3143,241.6543
192.168.0.4,2022-10-17,2022-10-17 04:00:00+02:00,59023.0,61800.0,-0.9531,-13166.0,240.8471,240.8357,241.12
192.168.0.4,2022-10-17,2022-10-17 05:00:00+02:00,63204.0,65427.0,-0.9612,-12147.0,239.2267,239.1589,239.5944
192.168.0.4,2022-10-17,2022-10-17 06:00:00+02:00,74595.0,76160.0,-0.9697,-13210.0,237.615,237.48,237.9037
192.168.0.4,2022-10-17,2022-10-17 07:00:00+02:00,106252.0,107704.0,-0.9823,-12996.0,236.17,236.208,236.482
192.168.0.4,2022-10-17,2022-10-17 08:00:00+02:00,117025.0,119820.0,-0.9874,-11750.0,235.99,236.1225,236.2387
192.168.0.4,2022-10-17,2022-10-17 09:00:00+02:00,106824.0,109072.0,-0.9829,-11844.0,235.978,235.913,236.069
192.168.0.4,2022-10-17,2022-10-17 10:00:00+02:00,111850.0,113465.0,-0.9822,-12085.0,236.0337,236.0662,236.09
192.168.0.4,2022-10-17,2022-10-17 11:00:00+02:00,108404.0,109800.0,-0.9809,-13040.0,235.775,235.824,235.971
192.168.0.4,2022-10-17,2022-10-17 12:00:00+02:00,110822.0,112898.0,-0.9807,-13142.0,236.9622,236.9933,237.0
192.168.0.4,2022-10-17,2022-10-17 13:00:00+02:00,106366.0,109977.0,-0.9783,-13000.0,236.97,237.0529,237.0243
192.168.0.4,2022-10-17,2022-10-17 14:00:00+02:00,96104.0,98756.0,-0.9743,-13744.0,237.297,237.288,237.472
192.168.0.4,2022-10-17,2022-10-17 15:00:00+02:00,88658.0,91164.0,-0.9731,-12862.0,238.3867,238.2678,238.2511
192.168.0.4,2022-10-17,2022-10-17 16:00:00+02:00,86595.0,88955.0,-0.9712,-14065.0,238.4737,238.3887,238.6287
192.168.0.4,2022-10-17,2022-10-17 17:00:00+02:00,101420.0,104012.0,-0.975,-15320.0,238.26,238.263,238.351
192.168.0.4,2022-10-17,2022-10-17 18:00:00+02:00,150920.0,153409.0,-0.9874,-13502.0,237.0755,237.0911,237.3733
192.168.0.4,2022-10-17,2022-10-17 19:00:00+02:00,189508.0,189676.0,-0.9924,-11532.0,235.7,236.008,235.997
192.168.0.4,2022-10-17,2022-10-17 20:00:00+02:00,174500.0,175128.0,-0.9918,-11792.0,238.008,238.049,237.944
192.168.0.4,2022-10-17,2022-10-17 21:00:00+02:00,146604.0,147744.0,-0.9897,-12400.0,239.837,239.849,239.808
192.168.0.4,2022-10-17,2022-10-17 22:00:00+02:00,128068.0,130400.0,-0.9873,-13948.0,240.39,240.208,240.362
192.168.0.4,2022-10-17,2022-10-17 23:00:00+02:00,112052.0,113848.0,-0.9839,-13788.0,240.476,240.427,240.459
192.168.0.4,2022-10-18,2022-10-18 00:00:00+02:00,93904.0,95388.0,-0.9787,-13836.0,240.065,239.873,240.118
192.168.0.4,2022-10-18,2022-10-18 01:00:00+02:00,81005.0,83025.0,-0.9717,-13690.0,240.6487,240.5762,240.85
192.168.0.4,2022-10-18,2022-10-18 02:00:00+02:00,69750.0,72350.0,-0.9629,-14685.0,240.745,240.7262,240.9925
192.168.0.4,2022-10-18,2022-10-18 03:00:00+02:00,63716.0,66256.0,-0.9573,-13972.0,240.876,240.861,241.083
192.168.0.4,2022-10-18,2022-10-18 04:00:00+02:00,61264.0,64592.0,-0.954,-14288.0,240.663,240.643,240.866
192.168.0.4,2022-10-18,2022-10-18 05:00:00+02:00,68395.0,71200.0,-0.9667,-13260.0,239.9575,239.805,240.1275
192.168.0.4,2022-10-18,2022-10-18 06:00:00+02:00,81364.0,83027.0,-0.9737,-13231.0,237.9678,237.7411,238.2022
192.168.0.4,2022-10-18,2022-10-18 07:00:00+02:00,110440.0,111720.0,-0.9848,-13400.0,236.8478,236.7744,236.96
192.168.0.4,2022-10-18,2022-10-18 08:00:00+02:00,120532.0,122060.0,-0.9879,-10532.0,236.555,236.491,236.693
192.168.0.4,2022-10-18,2022-10-18 09:00:00+02:00,107636.0,108824.0,-0.987,-10052.0,236.992,236.807,236.841
192.168.0.4,2022-10-18,2022-10-18 10:00:00+02:00,85844.0,87964.0,-0.9779,-11422.0,237.93,237.9933,238.1122
192.168.0.4,2022-10-18,2022-10-18 11:00:00+02:00,72516.0,74987.0,-0.9659,-10720.0,237.67,237.6867,237.7967
192.168.0.4,2022-10-18,2022-10-18 12:00:00+02:00,60309.0,62863.0,-0.9465,-12297.0,236.7786,236.9586,237.0229
192.168.0.4,2022-10-18,2022-10-18 13:00:00+02:00,50491.0,55663.0,-0.9228,-13583.0,237.0129,237.1186,237.2128
192.168.0.4,2022-10-18,2022-10-18 14:00:00+02:00,46176.0,50920.0,-0.9215,-12832.0,237.233,237.214,237.439
192.168.0.4,2022-10-18,2022-10-18 15:00:00+02:00,46987.0,50280.0,-0.9235,-12773.0,237.3283,237.3033,237.4417
192.168.0.4,2022-10-18,2022-10-18 16:00:00+02:00,50167.0,54613.0,-0.92,-14920.0,237.1167,236.9417,237.4317
192.168.0.4,2022-10-18,2022-10-18 17:00:00+02:00,75983.0,79383.0,-0.9626,-15766.0,236.59,236.4943,236.5743
192.168.0.4,2022-10-18,2022-10-18 18:00:00+02:00,144103.0,146389.0,-0.9886,-13023.0,235.5357,235.5157,235.6529
192.168.0.4,2022-10-18,2022-10-18 19:00:00+02:00,165304.0,166332.0,-0.9916,-14120.0,235.043,235.014,235.077
192.168.0.4,2022-10-18,2022-10-18 20:00:00+02:00,150156.0,150524.0,-0.9897,-15072.0,237.11,236.936,237.017
192.168.0.4,2022-10-18,2022-10-18 21:00:00+02:00,138191.0,140129.0,-0.9877,-15218.0,239.3678,239.1455,239.4211
192.168.0.4,2022-10-18,2022-10-18 22:00:00+02:00,124935.0,126365.0,-0.984,-15605.0,241.3912,241.395,241.5712
192.168.0.4,2022-10-18,2022-10-18 23:00:00+02:00,105948.0,107712.0,-0.9792,-15888.0,240.318,240.274,240.503
192.168.0.4,2022-10-19,2022-10-19 00:00:00+02:00,85964.0,88182.0,-0.9724,-14898.0,238.1022,237.8255,238.24
192.168.0.4,2022-10-19,2022-10-19 01:00:00+02:00,75395.0,78325.0,-0.9617,-15975.0,238.8012,238.5875,239.01
192.168.0.4,2022-10-19,2022-10-19 02:00:00+02:00,65016.0,67248.0,-0.9526,-15188.0,238.75,238.585,238.979
192.168.0.4,2022-10-19,2022-10-19 03:00:00+02:00,64876.0,67649.0,-0.9552,-14587.0,238.6189,238.4489,238.8122
192.168.0.4,2022-10-19,2022-10-19 04:00:00+02:00,62413.0,65382.0,-0.9508,-14818.0,238.3755,238.1789,238.5633
192.168.0.4,2022-10-19,2022-10-19 05:00:00+02:00,61700.0,64320.0,-0.9499,-14060.0,237.655,237.607,238.053
192.168.0.4,2022-10-19,2022-10-19 06:00:00+02:00,76236.0,79000.0,-0.9646,-15836.0,236.582,236.44,236.908
192.168.0.4,2022-10-19,2022-10-19 07:00:00+02:00,102572.0,104724.0,-0.9792,-14412.0,236.045,235.993,236.424
192.168.0.4,2022-10-19,2022-10-19 08:00:00+02:00,119151.0,118693.0,-0.9859,-12631.0,235.7422,235.58,236.0544
192.168.0.4,2022-10-19,2022-10-19 09:00:00+02:00,106409.0,107893.0,-0.9853,-11547.0,236.2044,236.0556,236.2756
192.168.0.4,2022-10-19,2022-10-19 10:00:00+02:00,89928.0,93404.0,-0.9728,-12940.0,236.973,236.811,237.027
192.168.0.4,2022-10-19,2022-10-19 11:00:00+02:00,82156.0,84712.0,-0.9655,-14172.0,237.141,237.225,237.356
192.168.0.4,2022-10-19,2022-10-19 12:00:00+02:00,71292.0,74088.0,-0.9626,-10400.0,237.35,237.352,237.722
192.168.0.4,2022-10-19,2022-10-19 13:00:00+02:00,66385.0,69835.0,-0.949,-14050.0,237.3312,237.4575,237.8337
192.168.0.4,2022-10-19,2022-10-19 14:00:00+02:00,62806.0,67857.0,-0.95,-12543.0,237.6928,237.7414,238.0771
192.168.0.4,2022-10-19,2022-10-19 15:00:00+02:00,52336.0,55300.0,-0.9236,-12688.0,238.005,237.996,238.258
192.168.0.4,2022-10-19,2022-10-19 16:00:00+02:00,69671.0,72844.0,-0.9577,-13000.0,237.2756,237.07,237.4255
192.168.0.4,2022-10-19,2022-10-19 17:00:00+02:00,97284.0,98778.0,-0.9731,-16507.0,236.2922,236.1833,236.6344
192.168.0.4,2022-10-19,2022-10-19 18:00:00+02:00,143855.0,145600.0,-0.9866,-15210.0,235.3937,235.2662,235.7962
192.168.0.4,2022-10-19,2022-10-19 19:00:00+02:00,171180.0,174115.0,-0.9898,-16040.0,235.47,235.4775,235.7525
192.168.0.4,2022-10-19,2022-10-19 20:00:00+02:00,139376.0,143084.0,-0.9821,-16344.0,237.418,237.334,237.945
192.168.0.4,2022-10-19,2022-10-19 21:00:00+02:00,130960.0,133536.0,-0.9829,-15164.0,238.582,238.648,239.025
192.168.0.4,2022-10-19,2022-10-19 22:00:00+02:00,136111.0,138187.0,-0.9853,-15836.0,236.4933,236.4333,236.9055
192.168.0.4,2022-10-19,2022-10-19 23:00:00+02:00,119404.0,121089.0,-0.9841,-14702.0,237.8844,237.6256,238.0633
192.168.0.4,2022-10-20,2022-10-20 00:00:00+02:00,93668.0,95764.0,-0.9774,-14420.0,239.136,239.016,239.28
192.168.0.4,2022-10-20,2022-10-20 01:00:00+02:00,83605.0,85925.0,-0.9705,-15030.0,240.8762,240.6725,240.9825
192.168.0.4,2022-10-20,2022-10-20 02:00:00+02:00,78587.0,81858.0,-0.9666,-14609.0,241.9555,241.7955,242.0878
192.168.0.4,2022-10-20,2022-10-20 03:00:00+02:00,70368.0,73872.0,-0.9555,-16332.0,241.398,241.292,241.458
192.168.0.4,2022-10-20,2022-10-20 04:00:00+02:00,61511.0,65498.0,-0.9535,-13596.0,241.2955,241.3133,241.5244
192.168.0.4,2022-10-20,2022-10-20 05:00:00+02:00,62978.0,65996.0,-0.9528,-14813.0,239.3467,239.2678,239.5222
192.168.0.4,2022-10-20,2022-10-20 06:00:00+02:00,77340.0,80596.0,-0.9676,-14392.0,237.262,237.189,237.509
192.168.0.4,2022-10-20,2022-10-20 07:00:00+02:00,109536.0,111420.0,-0.9798,-13500.0,236.341,236.419,236.615
192.168.0.4,2022-10-20,2022-10-20 08:00:00+02:00,117142.0,118156.0,-0.9861,-10049.0,236.1056,236.2044,236.25
192.168.0.4,2022-10-20,2022-10-20 09:00:00+02:00,112052.0,112492.0,-0.9854,-12404.0,235.73,235.645,235.778
192.168.0.4,2022-10-20,2022-10-20 10:00:00+02:00,109124.0,110502.0,-0.9829,-11698.0,235.1033,235.0322,235.13
192.168.0.4,2022-10-20,2022-10-20 11:00:00+02:00,100568.0,103492.0,-0.9803,-11196.0,234.857,234.682,234.902
192.168.0.4,2022-10-20,2022-10-20 12:00:00+02:00,97533.0,99849.0,-0.9788,-12662.0,235.9767,235.7022,235.9567
192.168.0.4,2022-10-20,2022-10-20 13:00:00+02:00,85698.0,87031.0,-0.9726,-13369.0,236.9778,236.9211,237.0422
192.168.0.4,2022-10-20,2022-10-20 14:00:00+02:00,63412.0,67308.0,-0.9397,-12444.0,238.098,238.131,238.559
192.168.0.4,2022-10-20,2022-10-20 15:00:00+02:00,66462.0,69644.0,-0.9378,-12751.0,238.0422,238.1944,238.5978
192.168.0.4,2022-10-20,2022-10-20 16:00:00+02:00,49406.0,54966.0,-0.9081,-13709.0,238.3314,238.2086,238.4571
192.168.0.4,2022-10-20,2022-10-20 17:00:00+02:00,92352.0,96012.0,-0.9626,-16500.0,237.164,237.168,237.317
192.168.0.4,2022-10-20,2022-10-20 18:00:00+02:00,141160.0,143156.0,-0.9822,-16372.0,235.551,235.649,235.867
192.168.0.4,2022-10-20,2022-10-20 19:00:00+02:00,168680.0,168788.0,-0.9891,-12996.0,234.992,235.03,235.078
192.168.0.4,2022-10-20,2022-10-20 20:00:00+02:00,143009.0,146187.0,-0.9872,-15422.0,236.4489,236.4722,236.5889
192.168.0.4,2022-10-20,2022-10-20 21:00:00+02:00,140412.0,143248.0,-0.9844,-16280.0,238.471,238.449,238.404
192.168.0.4,2022-10-20,2022-10-20 22:00:00+02:00,120540.0,123005.0,-0.982,-15660.0,239.0,238.72,239.0087
192.168.0.4,2022-10-20,2022-10-20 23:00:00+02:00,105105.0,107025.0,-0.9791,-14385.0,239.6325,239.64,239.7962
192.168.0.4,2022-10-21,2022-10-21 00:00:00+02:00,88355.0,91640.0,-0.9676,-14265.0,238.6925,238.5612,239.0762
192.168.0.4,2022-10-21,2022-10-21 01:00:00+02:00,69084.0,72472.0,-0.9536,-14524.0,239.396,239.284,239.721
192.168.0.4,2022-10-21,2022-10-21 02:00:00+02:00,61658.0,64702.0,-0.9547,-13360.0,239.6644,239.5567,239.7744
192.168.0.4,2022-10-21,2022-10-21 03:00:00+02:00,56980.0,59936.0,-0.9502,-13792.0,239.589,239.412,239.743
192.168.0.4,2022-10-21,2022-10-21 04:00:00+02:00,55345.0,58335.0,-0.9445,-13245.0,239.5812,239.4162,239.745
192.168.0.4,2022-10-21,2022-10-21 05:00:00+02:00,56900.0,60296.0,-0.9482,-13748.0,239.132,238.907,239.313
192.168.0.4,2022-10-21,2022-10-21 06:00:00+02:00,68364.0,71120.0,-0.9591,-14107.0,237.2256,237.1422,237.5433
192.168.0.4,2022-10-21,2022-10-21 07:00:00+02:00,107160.0,108360.0,-0.9825,-14048.0,235.598,235.332,235.746
192.168.0.4,2022-10-21,2022-10-21 08:00:00+02:00,121670.0,123490.0,-0.9886,-11090.0,236.3825,236.3062,236.51
192.168.0.4,2022-10-21,2022-10-21 09:00:00+02:00,111396.0,113340.0,-0.9832,-11188.0,236.175,236.063,236.283
192.168.0.4,2022-10-21,2022-10-21 10:00:00+02:00,96496.0,97928.0,-0.9801,-13272.0,236.501,236.475,236.74
192.168.0.4,2022-10-21,2022-10-21 11:00:00+02:00,91532.0,92320.0,-0.978,-10320.0,236.783,236.654,236.929
192.168.0.4,2022-10-21,2022-10-21 12:00:00+02:00,88711.0,91707.0,-0.9759,-10356.0,237.1344,237.0611,237.4544
192.168.0.4,2022-10-21,2022-10-21 13:00:00+02:00,75222.0,77400.0,-0.9644,-11084.0,238.1689,238.0911,238.2244
192.168.0.4,2022-10-21,2022-10-21 14:00:00+02:00,55788.0,58500.0,-0.935,-10840.0,239.064,238.961,239.224
192.168.0.4,2022-10-21,2022-10-21 15:00:00+02:00,48360.0,52949.0,-0.9291,-10851.0,238.5328,238.3514,238.69
192.168.0.4,2022-10-21,2022-10-21 16:00:00+02:00,49217.0,54497.0,-0.8976,-14360.0,238.1043,237.7943,238.4643
192.168.0.4,2022-10-21,2022-10-21 17:00:00+02:00,82508.0,84928.0,-0.9667,-14804.0,237.037,236.985,237.504
192.168.0.4,2022-10-21,2022-10-21 18:00:00+02:00,130548.0,132412.0,-0.9852,-14288.0,234.552,234.264,234.842
192.168.0.4,2022-10-21,2022-10-21 19:00:00+02:00,149360.0,151460.0,-0.9908,-13148.0,234.354,234.156,234.557
192.168.0.4,2022-10-21,2022-10-21 20:00:00+02:00,129856.0,131384.0,-0.986,-15060.0,236.369,236.164,236.598
192.168.0.4,2022-10-21,2022-10-21 21:00:00+02:00,122049.0,123484.0,-0.9848,-15716.0,238.53,238.3089,238.7433
192.168.0.4,2022-10-21,2022-10-21 22:00:00+02:00,110844.0,112820.0,-0.9836,-14820.0,238.454,238.309,238.794
192.168.0.4,2022-10-21,2022-10-21 23:00:00+02:00,99860.0,101444.0,-0.9795,-14056.0,239.06,238.926,239.597
192.168.0.4,2022-10-22,2022-10-22 00:00:00+02:00,90656.0,92892.0,-0.9763,-14000.0,239.403,239.09,239.75
192.168.0.4,2022-10-22,2022-10-22 01:00:00+02:00,69538.0,72867.0,-0.9605,-13791.0,239.9967,239.85,240.4467
192.168.0.4,2022-10-22,2022-10-22 02:00:00+02:00,62268.0,64388.0,-0.954,-13724.0,240.984,240.84,241.338
192.168.0.4,2022-10-22,2022-10-22 03:00:00+02:00,57016.0,59948.0,-0.9484,-13264.0,241.167,241.038,241.575
192.168.0.4,2022-10-22,2022-10-22 04:00:00+02:00,54984.0,58164.0,-0.9419,-14452.0,242.304,242.122,242.665
192.168.0.4,2022-10-22,2022-10-22 05:00:00+02:00,58888.0,62088.0,-0.95,-13832.0,242.3,242.122,242.776
192.168.0.4,2022-10-22,2022-10-22 06:00:00+02:00,57884.0,60708.0,-0.95,-13564.0,240.168,240.111,240.729
192.168.0.4,2022-10-22,2022-10-22 07:00:00+02:00,69569.0,72427.0,-0.9622,-13156.0,238.0311,237.8667,238.5189
192.168.0.4,2022-10-22,2022-10-22 08:00:00+02:00,86136.0,88120.0,-0.9733,-11612.0,238.091,238.147,238.48
192.168.0.4,2022-10-22,2022-10-22 09:00:00+02:00,112224.0,114016.0,-0.9817,-10064.0,236.999,237.104,237.593
192.168.0.4,2022-10-22,2022-10-22 10:00:00+02:00,106200.0,107404.0,-0.9839,-6698.0,236.4878,236.5433,236.8289
192.168.0.4,2022-10-22,2022-10-22 11:00:00+02:00,98904.0,101648.0,-0.9834,-6696.0,236.27,236.217,236.616
192.168.0.4,2022-10-22,2022-10-22 12:00:00+02:00,100508.0,100564.0,-0.9808,-7508.0,236.711,236.34,236.721
192.168.0.4,2022-10-22,2022-10-22 13:00:00+02:00,80392.0,83524.0,-0.9719,-5644.0,237.208,236.984,237.174
192.168.0.4,2022-10-22,2022-10-22 14:00:00+02:00,83044.0,85456.0,-0.9727,-7612.0,237.573,237.228,237.7
192.168.0.4,2022-10-22,2022-10-22 15:00:00+02:00,57396.0,60308.0,-0.9413,-11468.0,237.474,237.426,237.789
192.168.0.4,2022-10-22,2022-10-22 16:00:00+02:00,74576.0,76832.0,-0.9585,-11776.0,236.906,236.728,237.211
192.168.0.4,2022-10-22,2022-10-22 17:00:00+02:00,89680.0,90464.0,-0.9763,-11420.0,236.104,235.927,236.241
192.168.0.4,2022-10-22,2022-10-22 18:00:00+02:00,131820.0,133384.0,-0.9855,-11044.0,234.525,234.361,234.464
192.168.0.4,2022-10-22,2022-10-22 19:00:00+02:00,169376.0,172028.0,-0.9928,-11276.0,233.588,233.439,233.582
192.168.0.4,2022-10-22,2022-10-22 20:00:00+02:00,150104.0,150780.0,-0.9906,-12600.0,235.068,234.89,235.002
192.168.0.4,2022-10-22,2022-10-22 21:00:00+02:00,119624.0,122128.0,-0.9831,-15424.0,236.354,236.266,236.501
192.168.0.4,2022-10-22,2022-10-22 22:00:00+02:00,116396.0,117912.0,-0.9825,-15560.0,237.289,237.18,237.366
192.168.0.4,2022-10-22,2022-10-22 23:00:00+02:00,96368.0,98704.0,-0.9772,-15904.0,238.318,238.037,238.297
192.168.0.4,2022-10-23,2022-10-23 00:00:00+02:00,80160.0,82932.0,-0.9717,-13784.0,237.835,237.269,237.649
192.168.0.4,2022-10-23,2022-10-23 01:00:00+02:00,62840.0,65785.0,-0.957,-13740.0,239.1425,238.6562,238.905
192.168.0.4,2022-10-23,2022-10-23 02:00:00+02:00,59564.0,62680.0,-0.9485,-14828.0,239.053,238.717,238.985
192.168.0.4,2022-10-23,2022-10-23 03:00:00+02:00,57084.0,59608.0,-0.948,-14160.0,238.436,238.105,238.332
192.168.0.4,2022-10-23,2022-10-23 04:00:00+02:00,55972.0,59300.0,-0.9412,-15160.0,238.175,237.83,238.095
192.168.0.4,2022-10-23,2022-10-23 05:00:00+02:00,54184.0,57412.0,-0.9408,-14616.0,238.043,237.795,238.17
192.168.0.4,2022-10-23,2022-10-23 06:00:00+02:00,58955.0,61665.0,-0.9487,-15005.0,237.63,237.2087,237.685
192.168.0.4,2022-10-23,2022-10-23 07:00:00+02:00,69340.0,73108.0,-0.9622,-13904.0,236.455,236.088,236.701
192.168.0.4,2022-10-23,2022-10-23 08:00:00+02:00,83485.0,85540.0,-0.9756,-10940.0,237.0875,236.865,237.2625
192.168.0.4,2022-10-23,2022-10-23 09:00:00+02:00,107564.0,108664.0,-0.9834,-10644.0,236.322,235.979,236.294
192.168.0.4,2022-10-23,2022-10-23 10:00:00+02:00,108392.0,109984.0,-0.9866,-9856.0,236.021,235.611,236.072
192.168.0.4,2022-10-23,2022-10-23 11:00:00+02:00,103320.0,105500.0,-0.9832,-11676.0,236.397,236.031,236.273
192.168.0.4,2022-10-23,2022-10-23 12:00:00+02:00,108116.0,108160.0,-0.9853,-10444.0,236.461,236.007,236.272
192.168.0.4,2022-10-23,2022-10-23 13:00:00+02:00,98888.0,101920.0,-0.9814,-9948.0,237.658,237.413,237.596
192.168.0.4,2022-10-23,2022-10-23 14:00:00+02:00,84560.0,86264.0,-0.9804,-8096.0,238.058,237.672,237.858
192.168.0.4,2022-10-23,2022-10-23 15:00:00+02:00,93028.0,95044.0,-0.978,-9940.0,238.492,238.146,238.182
192.168.0.4,2022-10-23,2022-10-23 16:00:00+02:00,100400.0,101556.0,-0.9807,-11504.0,238.607,238.333,238.477
192.168.0.4,2022-10-23,2022-10-23 17:00:00+02:00,118288.0,119948.0,-0.9853,-10888.0,237.467,237.25,237.494
192.168.0.4,2022-10-23,2022-10-23 18:00:00+02:00,144904.0,146284.0,-0.9901,-9880.0,236.141,235.853,236.239
192.168.0.4,2022-10-23,2022-10-23 19:00:00+02:00,168008.0,170572.0,-0.9925,-12396.0,235.396,235.217,235.377
192.168.0.4,2022-10-23,2022-10-23 20:00:00+02:00,159231.0,162489.0,-0.9903,-13022.0,236.2933,235.9856,236.3978
192.168.0.4,2022-10-23,2022-10-23 21:00:00+02:00,133508.0,134400.0,-0.9854,-14800.0,236.597,236.192,236.605
192.168.0.4,2022-10-23,2022-10-23 22:00:00+02:00,110480.0,112520.0,-0.9843,-14040.0,238.1611,237.53,237.9244
192.168.0.4,2022-10-23,2022-10-23 23:00:00+02:00,90040.0,91960.0,-0.9763,-13607.0,237.9883,237.7033,237.985
192.168.0.4,2022-10-24,2022-10-24 00:00:00+02:00,71080.0,74490.0,-0.9608,-13895.0,238.5625,238.27,238.8375
192.168.0.4,2022-10-24,2022-10-24 01:00:00+02:00,67376.0,69896.0,-0.9553,-14072.0,239.67,239.496,240.042
192.168.0.4,2022-10-24,2022-10-24 02:00:00+02:00,59620.0,62820.0,-0.9511,-14020.0,240.46,240.3287,240.72
192.168.0.4,2022-10-24,2022-10-24 03:00:00+02:00,56394.0,59554.0,-0.9447,-14029.0,240.3414,240.1971,240.6571
192.168.0.4,2022-10-24,2022-10-24 04:00:00+02:00,54800.0,57772.0,-0.9434,-14060.0,239.765,239.665,240.008
192.168.0.4,2022-10-24,2022-10-24 05:00:00+02:00,59538.0,61760.0,-0.9554,-13284.0,238.8289,238.6555,239.1411
192.168.0.4,2022-10-24,2022-10-24 06:00:00+02:00,69582.0,72311.0,-0.9635,-13938.0,236.91,236.8256,237.2589
192.168.0.4,2022-10-24,2022-10-24 07:00:00+02:00,93030.0,95580.0,-0.98,-13025.0,236.2837,236.0562,236.415
192.168.0.4,2022-10-24,2022-10-24 08:00:00+02:00,103284.0,104504.0,-0.983,-12440.0,235.927,235.925,236.029
192.168.0.4,2022-10-24,2022-10-24 09:00:00+02:00,102128.0,103124.0,-0.982,-12032.0,236.733,236.478,236.63
192.168.0.4,2022-10-24,2022-10-24 10:00:00+02:00,97276.0,98940.0,-0.9784,-12168.0,237.669,237.621,237.683
192.168.0.4,2022-10-24,2022-10-24 11:00:00+02:00,76160.0,79580.0,-0.9688,-11688.0,238.165,238.081,238.27
192.168.0.4,2022-10-24,2022-10-24 12:00:00+02:00,76016.0,79136.0,-0.967,-12228.0,238.148,238.074,238.518
192.168.0.4,2022-10-24,2022-10-24 13:00:00+02:00,97804.0,100672.0,-0.9743,-12136.0,237.341,237.315,237.916
192.168.0.4,2022-10-24,2022-10-24 14:00:00+02:00,99184.0,101340.0,-0.9791,-13508.0,237.375,237.349,237.713
192.168.0.4,2022-10-24,2022-10-24 15:00:00+02:00,45500.0,50412.0,-0.8937,-14244.0,238.972,238.885,239.118
192.168.0.4,2022-10-24,2022-10-24 16:00:00+02:00,67210.0,71460.0,-0.9445,-15310.0,239.0512,238.8687,239.4412
192.168.0.4,2022-10-24,2022-10-24 17:00:00+02:00,84764.0,88329.0,-0.965,-13933.0,238.3189,238.3833,238.5411
192.168.0.4,2022-10-24,2022-10-24 18:00:00+02:00,140044.0,142444.0,-0.9848,-11552.0,237.318,237.416,237.781
192.168.0.4,2022-10-24,2022-10-24 19:00:00+02:00,176535.0,177860.0,-0.9935,-11370.0,237.5762,237.25,237.7812
192.168.0.4,2022-10-24,2022-10-24 20:00:00+02:00,158033.0,158913.0,-0.9921,-10593.0,239.0333,238.73,239.0367
192.168.0.4,2022-10-24,2022-10-24 21:00:00+02:00,128705.0,130680.0,-0.9868,-13985.0,238.525,238.5362,238.7237
192.168.0.4,2022-10-24,2022-10-24 22:00:00+02:00,117880.0,119498.0,-0.9815,-15293.0,239.5478,239.5055,239.8689
192.168.0.4,2022-10-24,2022-10-24 23:00:00+02:00,93536.0,96372.0,-0.9759,-14744.0,238.049,238.058,238.302
192.168.0.4,2022-10-25,2022-10-25 00:00:00+02:00,79688.0,82260.0,-0.9696,-13804.0,237.851,237.874,238.111
192.168.0.4,2022-10-25,2022-10-25 01:00:00+02:00,71800.0,74200.0,-0.9641,-13303.0,238.4514,238.3871,238.8357
192.168.0.4,2022-10-25,2022-10-25 02:00:00+02:00,61165.0,65005.0,-0.9464,-15585.0,238.8925,238.745,239.2762
192.168.0.4,2022-10-25,2022-10-25 03:00:00+02:00,56136.0,59620.0,-0.942,-15152.0,239.073,238.989,239.43
192.168.0.4,2022-10-25,2022-10-25 04:00:00+02:00,55360.0,58832.0,-0.9437,-14080.0,238.904,238.777,239.211
192.168.0.4,2022-10-25,2022-10-25 05:00:00+02:00,59140.0,62225.0,-0.9578,-12975.0,238.0362,237.8187,238.2675
192.168.0.4,2022-10-25,2022-10-25 06:00:00+02:00,70484.0,74009.0,-0.964,-14520.0,236.8789,236.7322,237.2055
192.168.0.4,2022-10-25,2022-10-25 07:00:00+02:00,99640.0,100744.0,-0.9795,-12956.0,236.107,236.157,236.555
192.168.0.4,2022-10-25,2022-10-25 08:00:00+02:00,101636.0,104228.0,-0.9802,-13672.0,235.972,236.087,236.266
192.168.0.4,2022-10-25,2022-10-25 09:00:00+02:00,103784.0,105204.0,-0.9809,-13656.0,235.728,235.807,235.981
192.168.0.4,2022-10-25,2022-10-25 10:00:00+02:00,95342.0,97511.0,-0.9781,-14422.0,236.5367,236.3944,236.63
192.168.0.4,2022-10-25,2022-10-25 11:00:00+02:00,81244.0,84844.0,-0.9664,-15352.0,236.651,236.546,236.659
192.168.0.4,2022-10-25,2022-10-25 12:00:00+02:00,90222.0,93400.0,-0.9722,-11769.0,236.6144,236.9111,237.0233
192.168.0.4,2022-10-25,2022-10-25 13:00:00+02:00,71712.0,74644.0,-0.9588,-12096.0,237.701,237.805,237.896
192.168.0.4,2022-10-25,2022-10-25 14:00:00+02:00,69698.0,72000.0,-0.9478,-11484.0,238.0944,238.1956,238.3556
192.168.0.4,2022-10-25,2022-10-25 15:00:00+02:00,46582.0,50964.0,-0.9212,-12604.0,238.7344,238.5455,238.8167
192.168.0.4,2022-10-25,2022-10-25 16:00:00+02:00,63422.0,66356.0,-0.9398,-14680.0,238.2256,238.1989,238.4722
192.168.0.4,2022-10-25,2022-10-25 17:00:00+02:00,96680.0,99344.0,-0.969,-14532.0,237.033,237.072,237.308
192.168.0.4,2022-10-25,2022-10-25 18:00:00+02:00,140711.0,142604.0,-0.9834,-12480.0,235.5944,235.7311,235.8689
192.168.0.4,2022-10-25,2022-10-25 19:00:00+02:00,175267.0,175871.0,-0.9914,-10973.0,235.3367,235.32,235.6544
192.168.0.4,2022-10-25,2022-10-25 20:00:00+02:00,149556.0,149228.0,-0.9892,-15564.0,237.193,236.805,237.362
192.168.0.4,2022-10-25,2022-10-25 21:00:00+02:00,139258.0,141729.0,-0.988,-14160.0,239.0122,238.6611,239.1589
192.168.0.4,2022-10-25,2022-10-25 22:00:00+02:00,135493.0,138353.0,-0.986,-13827.0,238.4383,237.8783,238.335
192.168.0.4,2022-10-25,2022-10-25 23:00:00+02:00,111444.0,114618.0,-0.9829,-13529.0,239.3311,238.9444,239.2756
192.168.0.4,2022-10-26,2022-10-26 00:00:00+02:00,83766.0,86469.0,-0.9697,-13937.0,239.6257,239.3514,239.8371
192.168.0.4,2022-10-26,2022-10-26 01:00:00+02:00,74400.0,77356.0,-0.9662,-13800.0,240.0467,239.9422,240.38
192.168.0.4,2022-10-26,2022-10-26 02:00:00+02:00,66164.0,69636.0,-0.9575,-13902.0,240.2733,240.2333,240.6767
192.168.0.4,2022-10-26,2022-10-26 03:00:00+02:00,58316.0,61416.0,-0.9448,-14520.0,240.533,240.538,240.929
192.168.0.4,2022-10-26,2022-10-26 04:00:00+02:00,61340.0,65288.0,-0.9519,-14496.0,240.345,240.302,240.673
192.168.0.4,2022-10-26,2022-10-26 05:00:00+02:00,62709.0,65594.0,-0.953,-14891.0,239.5871,239.45,239.9257
192.168.0.4,2022-10-26,2022-10-26 06:00:00+02:00,72109.0,74417.0,-0.9668,-13291.0,237.7243,237.7729,238.1828
192.168.0.4,2022-10-26,2022-10-26 07:00:00+02:00,86320.0,88176.0,-0.9744,-12612.0,235.738,235.733,236.264
192.168.0.4,2022-10-26,2022-10-26 08:00:00+02:00,109404.0,111822.0,-0.9815,-12898.0,234.8711,234.9811,235.4955
192.168.0.4,2022-10-26,2022-10-26 09:00:00+02:00,109253.0,111502.0,-0.9785,-13640.0,235.1367,235.1467,235.7578
192.168.0.4,2022-10-26,2022-10-26 10:00:00+02:00,95768.0,97460.0,-0.9768,-12676.0,236.226,236.048,236.518
192.168.0.4,2022-10-26,2022-10-26 11:00:00+02:00,81388.0,84744.0,-0.9687,-12168.0,236.283,236.378,236.664
192.168.0.4,2022-10-26,2022-10-26 12:00:00+02:00,78860.0,82684.0,-0.9698,-9504.0,236.668,236.654,237.131
192.168.0.4,2022-10-26,2022-10-26 13:00:00+02:00,72456.0,75084.0,-0.9661,-12620.0,236.894,236.769,237.235
192.168.0.4,2022-10-26,2022-10-26 14:00:00+02:00,54640.0,58392.0,-0.9394,-12304.0,237.214,237.129,237.542
192.168.0.4,2022-10-26,2022-10-26 15:00:00+02:00,50720.0,54338.0,-0.9222,-14307.0,237.0255,236.9611,237.49
192.168.0.4,2022-10-26,2022-10-26 16:00:00+02:00,68898.0,72187.0,-0.9634,-13262.0,236.6744,236.5611,237.0711
192.168.0.4,2022-10-26,2022-10-26 17:00:00+02:00,75956.0,79849.0,-0.9603,-14791.0,235.9422,235.7889,236.4378
192.168.0.4,2022-10-26,2022-10-26 18:00:00+02:00,132508.0,133964.0,-0.9875,-12412.0,234.523,234.327,234.936
192.168.0.4,2022-10-26,2022-10-26 19:00:00+02:00,159272.0,160364.0,-0.9881,-11940.0,234.36,234.268,234.805
192.168.0.4,2022-10-26,2022-10-26 20:00:00+02:00,153195.0,156305.0,-0.9868,-14085.0,235.9525,235.815,236.27
192.168.0.4,2022-10-26,2022-10-26 21:00:00+02:00,127457.0,129949.0,-0.9823,-14800.0,236.67,236.6643,236.9743
192.168.0.4,2022-10-26,2022-10-26 22:00:00+02:00,131360.0,134765.0,-0.9828,-15540.0,237.22,237.0887,237.56
192.168.0.4,2022-10-26,2022-10-26 23:00:00+02:00,111342.0,113324.0,-0.9792,-14898.0,237.8433,237.5811,238.1689
192.168.0.4,2022-10-27,2022-10-27 00:00:00+02:00,90720.0,93782.0,-0.9741,-15373.0,239.3211,239.0567,239.3989
192.168.0.4,2022-10-27,2022-10-27 01:00:00+02:00,78580.0,81288.0,-0.9705,-14404.0,240.819,240.396,240.731
192.168.0.4,2022-10-27,2022-10-27 02:00:00+02:00,69375.0,72465.0,-0.9606,-15665.0,238.8825,238.63,238.89
192.168.0.4,2022-10-27,2022-10-27 03:00:00+02:00,68373.0,70867.0,-0.9597,-15782.0,238.9167,238.5633,238.8944
192.168.0.4,2022-10-27,2022-10-27 04:00:00+02:00,60364.0,63524.0,-0.9556,-14524.0,238.943,238.515,238.956
192.168.0.4,2022-10-27,2022-10-27 05:00:00+02:00,62072.0,65464.0,-0.9596,-13408.0,237.77,237.467,237.829
192.168.0.4,2022-10-27,2022-10-27 06:00:00+02:00,79344.0,80500.0,-0.9728,-12936.0,236.784,236.451,236.984
192.168.0.4,2022-10-27,2022-10-27 07:00:00+02:00,91100.0,94520.0,-0.975,-14120.0,235.22,235.143,235.454
192.168.0.4,2022-10-27,2022-10-27 08:00:00+02:00,105573.0,110111.0,-0.9785,-12467.0,235.4955,235.7244,235.8589
192.168.0.4,2022-10-27,2022-10-27 09:00:00+02:00,99152.0,101928.0,-0.9791,-12432.0,236.439,236.147,236.424
192.168.0.4,2022-10-27,2022-10-27 10:00:00+02:00,78580.0,81784.0,-0.9666,-13928.0,237.846,237.51,237.858
192.168.0.4,2022-10-27,2022-10-27 11:00:00+02:00,73248.0,76108.0,-0.9618,-13796.0,237.668,237.468,237.765
192.168.0.4,2022-10-27,2022-10-27 12:00:00+02:00,76188.0,79228.0,-0.9664,-12360.0,237.841,237.517,237.959
192.168.0.4,2022-10-27,2022-10-27 13:00:00+02:00,67916.0,71222.0,-0.9583,-12524.0,237.7567,237.3889,237.7311
192.168.0.4,2022-10-27,2022-10-27 14:00:00+02:00,70088.0,72384.0,-0.9602,-13356.0,236.862,236.667,236.99
192.168.0.4,2022-10-27,2022-10-27 15:00:00+02:00,63548.0,68164.0,-0.95,-15292.0,237.513,237.137,237.385
192.168.0.4,2022-10-27,2022-10-27 16:00:00+02:00,61120.0,64251.0,-0.9352,-14691.0,238.9857,238.8214,239.0286
192.168.0.4,2022-10-27,2022-10-27 17:00:00+02:00,79045.0,83810.0,-0.9583,-14995.0,238.4375,238.2725,238.69
192.168.0.4,2022-10-27,2022-10-27 18:00:00+02:00,134350.0,136275.0,-0.9858,-12950.0,236.38,236.2962,236.7612
192.168.0.4,2022-10-27,2022-10-27 19:00:00+02:00,164684.0,166711.0,-0.9903,-14022.0,236.5467,236.4633,236.8122
192.168.0.4,2022-10-27,2022-10-27 20:00:00+02:00,142112.0,144176.0,-0.9877,-14636.0,238.311,238.162,238.307
192.168.0.4,2022-10-27,2022-10-27 21:00:00+02:00,119204.0,121340.0,-0.9795,-16644.0,240.16,240.072,240.221
192.168.0.4,2022-10-27,2022-10-27 22:00:00+02:00,115307.0,117329.0,-0.982,-15458.0,239.1567,239.0789,239.3311
192.168.0.4,2022-10-27,2022-10-27 23:00:00+02:00,109126.0,111194.0,-0.9822,-14863.0,239.3729,238.9514,239.2571
192.168.0.4,2022-10-28,2022-10-28 00:00:00+02:00,88250.0,91350.0,-0.974,-15020.0,240.0375,239.6,239.815
192.168.0.4,2022-10-28,2022-10-28 01:00:00+02:00,79940.0,83105.0,-0.9716,-13945.0,240.3637,239.9475,240.1025
192.168.0.4,2022-10-28,2022-10-28 02:00:00+02:00,69591.0,72133.0,-0.9591,-14236.0,241.0033,240.3578,240.7456
192.168.0.4,2022-10-28,2022-10-28 03:00:00+02:00,71660.0,74244.0,-0.9629,-14464.0,241.246,240.659,240.999
192.168.0.4,2022-10-28,2022-10-28 04:00:00+02:00,67387.0,69964.0,-0.9604,-13400.0,240.9911,240.41,240.85
192.168.0.4,2022-10-28,2022-10-28 05:00:00+02:00,64604.0,66992.0,-0.9631,-12824.0,239.254,238.933,239.255
192.168.0.4,2022-10-28,2022-10-28 06:00:00+02:00,68884.0,71182.0,-0.9596,-15573.0,238.3244,238.0155,238.3644
192.168.0.4,2022-10-28,2022-10-28 07:00:00+02:00,90904.0,92720.0,-0.9701,-15408.0,236.234,236.296,236.656
192.168.0.4,2022-10-28,2022-10-28 08:00:00+02:00,100424.0,102852.0,-0.9768,-13312.0,235.376,235.532,235.682
192.168.0.4,2022-10-28,2022-10-28 09:00:00+02:00,92756.0,94788.0,-0.9779,-13328.0,235.608,235.475,235.671
192.168.0.4,2022-10-28,2022-10-28 10:00:00+02:00,100544.0,103388.0,-0.9782,-11076.0,235.51,235.499,235.672
192.168.0.4,2022-10-28,2022-10-28 11:00:00+02:00,72072.0,74832.0,-0.9692,-10276.0,236.18,236.107,236.4
192.168.0.4,2022-10-28,2022-10-28 12:00:00+02:00,63980.0,66820.0,-0.9581,-10736.0,236.571,236.533,236.799
192.168.0.4,2022-10-28,2022-10-28 13:00:00+02:00,60620.0,62832.0,-0.9473,-13468.0,236.167,236.241,236.6
192.168.0.4,2022-10-28,2022-10-28 14:00:00+02:00,58728.0,61880.0,-0.9368,-14460.0,236.418,236.253,236.609
192.168.0.4,2022-10-28,2022-10-28 15:00:00+02:00,50964.0,55876.0,-0.9143,-14498.0,237.0656,236.7655,237.4778
192.168.0.4,2022-10-28,2022-10-28 16:00:00+02:00,64692.0,67992.0,-0.952,-14208.0,236.621,236.552,236.785
192.168.0.4,2022-10-28,2022-10-28 17:00:00+02:00,93524.0,96504.0,-0.9747,-14384.0,235.652,235.531,235.994
192.168.0.4,2022-10-28,2022-10-28 18:00:00+02:00,109852.0,111796.0,-0.9758,-13196.0,235.445,235.302,235.609
192.168.0.4,2022-10-28,2022-10-28 19:00:00+02:00,128964.0,130488.0,-0.9866,-13548.0,236.533,236.305,236.447
192.168.0.4,2022-10-28,2022-10-28 20:00:00+02:00,126760.0,128936.0,-0.9807,-14516.0,238.78,238.559,238.919
192.168.0.4,2022-10-28,2022-10-28 21:00:00+02:00,114524.0,116227.0,-0.9798,-15467.0,240.3178,239.9955,240.2067
192.168.0.4,2022-10-28,2022-10-28 22:00:00+02:00,118112.0,120160.0,-0.9821,-15208.0,238.826,238.353,238.662
192.168.0.4,2022-10-28,2022-10-28 23:00:00+02:00,100325.0,101540.0,-0.9802,-15520.0,239.5487,239.2012,239.2787
192.168.0.4,2022-10-29,2022-10-29 00:00:00+02:00,89451.0,91063.0,-0.9758,-15103.0,240.6786,240.1429,240.3271
192.168.0.4,2022-10-29,2022-10-29 01:00:00+02:00,76188.0,79064.0,-0.9663,-14008.0,241.057,240.698,240.941
192.168.0.4,2022-10-29,2022-10-29 02:00:00+02:00,66200.0,69236.0,-0.9546,-15333.0,241.58,240.8256,241.21
192.168.0.4,2022-10-29,2022-10-29 03:00:00+02:00,59975.0,62875.0,-0.9553,-13915.0,241.9875,241.3325,241.5937
192.168.0.4,2022-10-29,2022-10-29 04:00:00+02:00,56040.0,58960.0,-0.9444,-14889.0,242.1255,241.5267,241.8322
192.168.0.4,2022-10-29,2022-10-29 05:00:00+02:00,56244.0,59488.0,-0.9468,-14636.0,241.728,241.185,241.526
192.168.0.4,2022-10-29,2022-10-29 06:00:00+02:00,57264.0,60512.0,-0.9478,-14612.0,240.764,240.244,240.58
192.168.0.4,2022-10-29,2022-10-29 07:00:00+02:00,72868.0,74952.0,-0.9684,-12912.0,239.827,239.406,239.885
192.168.0.4,2022-10-29,2022-10-29 08:00:00+02:00,87045.0,88975.0,-0.9733,-12395.0,239.0212,238.7512,239.1325
192.168.0.4,2022-10-29,2022-10-29 09:00:00+02:00,101611.0,103474.0,-0.9859,-9600.0,239.0043,238.6643,238.8843
192.168.0.4,2022-10-29,2022-10-29 10:00:00+02:00,95033.0,96553.0,-0.9841,-8393.0,239.0067,238.5667,238.8083
192.168.0.4,2022-10-29,2022-10-29 11:00:00+02:00,97726.0,100206.0,-0.9819,-8274.0,238.5357,238.27,238.4871
192.168.0.4,2022-10-29,2022-10-29 12:00:00+02:00,80148.0,80724.0,-0.9747,-6268.0,239.572,239.364,239.517
192.168.0.4,2022-10-29,2022-10-29 13:00:00+02:00,60836.0,63840.0,-0.9417,-8902.0,239.8822,239.5789,240.1
192.168.0.4,2022-10-29,2022-10-29 14:00:00+02:00,52924.0,57980.0,-0.9427,-8980.0,239.666,239.342,239.78
192.168.0.4,2022-10-29,2022-10-29 15:00:00+02:00,60860.0,62984.0,-0.9615,-9360.0,239.478,239.166,239.53
192.168.0.4,2022-10-29,2022-10-29 16:00:00+02:00,84692.0,87732.0,-0.9703,-10120.0,238.026,237.81,238.173
192.168.0.4,2022-10-29,2022-10-29 17:00:00+02:00,84528.0,85704.0,-0.9717,-11892.0,237.43,237.236,237.655
192.168.0.4,2022-10-29,2022-10-29 18:00:00+02:00,109044.0,110368.0,-0.9831,-11100.0,236.872,236.701,237.037
192.168.0.4,2022-10-29,2022-10-29 19:00:00+02:00,134791.0,134773.0,-0.988,-11164.0,236.7589,236.4267,236.9533
192.168.0.4,2022-10-29,2022-10-29 20:00:00+02:00,120910.0,123010.0,-0.986,-11580.0,237.83,237.8537,238.1825
192.168.0.4,2022-10-29,2022-10-29 21:00:00+02:00,116640.0,118447.0,-0.9846,-13347.0,237.48,237.54,237.7983
192.168.0.4,2022-10-29,2022-10-29 22:00:00+02:00,103457.0,106589.0,-0.9786,-14400.0,238.2828,238.4186,238.4643
192.168.0.4,2022-10-29,2022-10-29 23:00:00+02:00,90890.0,93860.0,-0.9758,-14350.0,238.5562,238.4887,238.5125
192.168.0.4,2022-10-30,2022-10-30 00:00:00+02:00,83225.0,85470.0,-0.9699,-13810.0,239.0562,239.1662,239.0887
192.168.0.4,2022-10-30,2022-10-30 01:00:00+02:00,67013.0,70236.0,-0.953,-15022.0,240.3111,240.2844,240.2956
192.168.0.4,2022-10-30,2022-10-30 02:00:00+02:00,62232.0,65224.0,-0.9487,-14804.0,240.813,240.617,240.728
192.168.0.4,2022-10-30,2022-10-30 02:00:00+01:00,60768.0,63028.0,-0.9561,-13040.0,240.662,240.452,240.574
192.168.0.4,2022-10-30,2022-10-30 03:00:00+01:00,57360.0,60232.0,-0.9516,-13644.0,239.667,239.466,239.605
192.168.0.4,2022-10-30,2022-10-30 04:00:00+01:00,58480.0,61551.0,-0.9516,-13533.0,239.7155,239.3411,239.5478
192.168.0.4,2022-10-30,2022-10-30 05:00:00+01:00,58524.0,60942.0,-0.9518,-13720.0,239.5667,239.2467,239.4733
192.168.0.4,2022-10-30,2022-10-30 06:00:00+01:00,60391.0,64173.0,-0.9466,-15320.0,238.7111,238.3856,238.6167
192.168.0.4,2022-10-30,2022-10-30 07:00:00+01:00,72796.0,75156.0,-0.962,-13702.0,238.02,237.6778,237.9
192.168.0.4,2022-10-30,2022-10-30 08:00:00+01:00,87405.0,89505.0,-0.9764,-11125.0,237.9125,237.5437,237.715
192.168.0.4,2022-10-30,2022-10-30 09:00:00+01:00,81149.0,83937.0,-0.9754,-10851.0,235.7671,235.4786,235.4143
192.168.0.4,2022-10-30,2022-10-30 10:00:00+01:00,68230.0,70985.0,-0.9618,-11050.0,236.0375,235.7725,235.7575
192.168.0.4,2022-10-30,2022-10-30 11:00:00+01:00,73084.0,74524.0,-0.9663,-11128.0,237.176,236.682,236.614
192.168.0.4,2022-10-30,2022-10-30 12:00:00+01:00,85084.0,86172.0,-0.9787,-9196.0,239.089,238.637,238.658
192.168.0.4,2022-10-30,2022-10-30 13:00:00+01:00,71015.0,74295.0,-0.961,-9730.0,239.96,239.5237,239.6087
192.168.0.4,2022-10-30,2022-10-30 14:00:00+01:00,52955.0,55970.0,-0.9358,-11160.0,241.7575,241.2525,241.4312
192.168.0.4,2022-10-30,2022-10-30 15:00:00+01:00,71420.0,73690.0,-0.9663,-10495.0,241.0487,240.6137,240.6912
192.168.0.4,2022-10-30,2022-10-30 16:00:00+01:00,84222.0,87311.0,-0.9732,-10738.0,240.1911,240.0055,240.2111
192.168.0.4,2022-10-30,2022-10-30 17:00:00+01:00,112185.0,115115.0,-0.9844,-11120.0,238.2287,238.0,238.3812
192.168.0.4,2022-10-30,2022-10-30 18:00:00+01:00,150389.0,152880.0,-0.9905,-12560.0,236.8243,236.72,236.8814
192.168.0.4,2022-10-30,2022-10-30 19:00:00+01:00,157297.0,158629.0,-0.9871,-12497.0,236.8871,237.0114,237.18
192.168.0.4,2022-10-30,2022-10-30 20:00:00+01:00,129880.0,131729.0,-0.9837,-15893.0,238.1811,238.23,238.4
192.168.0.4,2022-10-30,2022-10-30 21:00:00+01:00,120020.0,122890.0,-0.9786,-15125.0,238.7212,238.7212,238.7212
192.168.0.4,2022-10-30,2022-10-30 22:00:00+01:00,104064.0,106536.0,-0.9774,-16108.0,238.536,238.441,238.48
192.168.0.4,2022-10-30,2022-10-30 23:00:00+01:00,87605.0,88800.0,-0.976,-13560.0,239.605,239.34,239.4362
192.168.0.4,2022-10-31,2022-10-31 00:00:00+01:00,70404.0,73084.0,-0.9622,-15384.0,240.428,240.099,240.224
192.168.0.4,2022-10-31,2022-10-31 01:00:00+01:00,62924.0,66020.0,-0.9503,-15060.0,241.241,240.933,241.087
192.168.0.4,2022-10-31,2022-10-31 02:00:00+01:00,58004.0,61472.0,-0.9437,-15100.0,241.437,241.24,241.368
192.168.0.4,2022-10-31,2022-10-31 03:00:00+01:00,60308.0,63384.0,-0.9508,-14364.0,241.432,241.229,241.31
192.168.0.4,2022-10-31,2022-10-31 04:00:00+01:00,55872.0,58716.0,-0.9423,-14436.0,241.913,241.658,241.954
192.168.0.4,2022-10-31,2022-10-31 05:00:00+01:00,62348.0,65140.0,-0.9501,-15592.0,240.754,240.59,240.856
192.168.0.4,2022-10-31,2022-10-31 06:00:00+01:00,68076.0,71368.0,-0.9569,-14756.0,239.101,239.078,239.488
192.168.0.4,2022-10-31,2022-10-31 07:00:00+01:00,78172.0,80540.0,-0.97,-14128.0,238.017,237.955,238.218
192.168.0.4,2022-10-31,2022-10-31 08:00:00+01:00,95320.0,97046.0,-0.98,-12977.0,236.8529,236.8371,237.24
192.168.0.4,2022-10-31,2022-10-31 09:00:00+01:00,89736.0,93536.0,-0.9755,-13692.0,236.423,236.209,236.595
192.168.0.4,2022-10-31,2022-10-31 10:00:00+01:00,105244.0,106008.0,-0.9843,-11368.0,236.349,236.24,236.494
192.168.0.4,2022-10-31,2022-10-31 11:00:00+01:00,95013.0,97320.0,-0.9756,-12484.0,236.3022,236.42,236.46
192.168.0.4,2022-10-31,2022-10-31 12:00:00+01:00,86125.0,90465.0,-0.9599,-12135.0,236.26,236.52,236.6562
192.168.0.4,2022-10-31,2022-10-31 13:00:00+01:00,63040.0,66632.0,-0.9532,-11672.0,237.129,237.273,237.499
192.168.0.4,2022-10-31,2022-10-31 14:00:00+01:00,51060.0,55925.0,-0.9228,-11260.0,237.35,237.3,237.7412
192.168.0.4,2022-10-31,2022-10-31 15:00:00+01:00,61813.0,65449.0,-0.9514,-13991.0,236.9689,236.8011,237.1256
192.168.0.4,2022-10-31,2022-10-31 16:00:00+01:00,91044.0,94071.0,-0.9737,-15071.0,236.01,235.8067,236.3178
192.168.0.4,2022-10-31,2022-10-31 17:00:00+01:00,105120.0,106380.0,-0.9762,-15795.0,235.8212,235.5487,236.0275
192.168.0.4,2022-10-31,2022-10-31 18:00:00+01:00,151836.0,152947.0,-0.9872,-15969.0,237.1122,237.1744,237.3844
192.168.0.4,2022-10-31,2022-10-31 19:00:00+01:00,143329.0,145564.0,-0.9892,-15244.0,238.2278,238.1722,238.5078
192.168.0.4,2022-10-31,2022-10-31 20:00:00+01:00,132640.0,132910.0,-0.986,-15610.0,238.1087,237.72,238.2337
192.168.0.4,2022-10-31,2022-10-31 21:00:00+01:00,129953.0,131773.0,-0.9849,-15400.0,238.4733,237.955,238.48
192.168.0.4,2022-10-31,2022-10-31 22:00:00+01:00,114735.0,117010.0,-0.9839,-15430.0,237.4037,237.0037,237.33
192.168.0.4,2022-10-31,2022-10-31 23:00:00+01:00,91526.0,93400.0,-0.9749,-15651.0,238.2014,237.9643,238.2986
